0,29.87,6.05,6.98,2.84,1.91,9.25,7.39,8.93,13.56,16.73,8.54,0.5,25.18,0.42,0.56,3.21,1.51,8.17,5.14,2.73,34.25,6.34,2.68,12.75,10.99,1.87,1.11,6.52,0.67,1.14,1.9,9.21,5.14,0.55,2.06,0.22,2.75,0.01,1.74,1.68,0.49,6.32,1.49,2.19,3.86,6.74,9.09,8.94,5.61,3.49,13.18,7.76,3.62,21.85,1.74,6.88,0.66,0.54,3.73,2.31,3.15,19.48,0.65,1.33,2.13,7.69,3.57,9.09,1.45,0.48,23.29,2.47,5.78,1.76,5.88,3.79,2.45,14.85,20.83,10.58,20.09,0.25,0.19,5.07,1.71,0.04,4.14,4.34,4.91,6.09,14.66,2.42,2.81,4.2,0.97,2.85,1.02,0.71,0.75,0.96,24.52,2.24,3.82,3.53,0.97,2.95,3.83,0.86,0.83,6.98,9.04,4.54,0.22,0.3,0.43,5.3,2.93,4.08,1.61,4.86,0.31,3.7,0.24,9.7,8.14,0.08,7.29,1.8,5.7,0.81,2.87,3.54,3.78,0.51,9.78,8.2,2.39,1.76,9.7,7.67,2.55,2.63,12.94,1.15,6.86,12.68,0.33,1.21,1.02,6.05,6.55,23.31,4.92,1.0,3.31,2.39,4.46,1.63,1.84,1.0,3.42,3.94,9.19,9.93,4.41,3.23,18.44
1,5.37,9.26,0.64,0.23,6.12,8.42,6.45,1.58,3.78,5.34,10.97,44.59,7.95,12.15,0.24,0.9,0.35,2.31,2.82,3.3,6.96,0.17,3.48,8.22,3.92,5.55,1.35,4.47,2.8,6.0,2.99,0.49,1.55,0.64,5.18,0.76,1.05,3.11,1.03,9.16,2.27,4.57,6.92,7.52,1.46,2.6,0.52,19.82,4.59,3.53,2.72,0.28,5.39,2.14,3.12,2.96,12.43,1.78,2.2,2.12,1.5,5.64,0.78,9.27,7.45,3.15,12.93,7.78,1.14,4.41,4.01,0.05,7.22,9.12,9.78,7.71,32.57,1.42,17.19,5.07,11.48,33.15,0.71,2.56,0.45,1.65,24.29,0.13,3.45,9.38,1.15,1.24,4.66,6.51,2.59,6.08,4.92,7.48,0.4,21.82,1.4,0.21,4.75,0.74,0.43,1.59,14.34,3.9,0.61,1.02,0.23,1.04,2.63,2.36,3.15,4.6,0.3,3.55,6.2,0.67,0.92,3.25,3.84,0.92,2.86,1.27,6.57,3.03,1.55,3.38,9.1,7.0,0.51,1.06,1.73,3.71,6.47,10.23,7.3,1.03,0.17,1.2,1.24,7.55,5.05,0.07,4.39,6.22,13.57,15.66,18.74,1.37,6.27,1.35,9.84,2.03,5.09,12.58,2.41,7.13,9.12,18.93,16.06,5.23,0.09,0.67,2.94,5.3,1.66,1.65,7.23
2,16.16,10.49,8.54,4.05,20.64,2.74,11.48,3.22,6.31,6.62,3.18,9.79,26.17,0.8,4.44,7.39,1.58,0.94,0.22,11.6,1.62,3.45,8.47,1.8,2.82,6.61,2.63,5.68,3.15,17.58,11.85,28.41,4.26,0.2,4.8,3.3,3.88,0.38,7.53,1.87,4.69,0.08,1.73,0.3,2.53,5.21,1.72,0.26,1.7,12.66,8.39,7.77,3.63,5.64,11.89,10.34,21.23,0.41,1.81,1.75,20.22,13.03,23.33,10.39,11.63,8.85,7.32,29.0,6.97,2.26,0.27,9.51,3.29,10.88,2.16,3.16,1.07,4.69,10.95,10.28,4.7,36.63,3.94,3.75,0.41,0.18,2.08,0.57,0.88,2.14,0.43,0.91,0.14,2.13,0.36,11.37,2.15,4.0,3.1,0.18,1.28,4.34,3.93,3.07,1.07,5.7,5.13,4.29,2.98,0.66,2.6,2.16,6.5,7.43,2.63,5.91,0.45,3.34,0.26,1.3,6.43,0.99,0.93,5.09,1.85,4.24,20.52,2.86,0.04,0.13,7.51,1.03,5.93,0.93,2.73,0.94,7.08,0.81,4.1,4.7,0.62,0.5,5.74,2.73,1.29,8.75,0.67,2.06,0.96,5.52,4.55,1.99,0.24,3.9,3.11,9.33,0.57,0.45,1.09,3.5,10.7,15.9,27.62
3,12.1,40.71,20.81,10.97,1.88,8.84,9.99,10.88,6.38,3.72,3.55,4.02,0.83,4.46,1.96,2.55,1.97,2.37,7.29,3.32,0.93,1.15,3.67,0.08,1.15,0.35,0.24,5.67,0.87,1.98,1.72,2.25,1.95,1.46,1.6,19.76,7.25,2.05,8.97,2.29,1.52,3.11,1.36,3.82,0.57,2.07,10.46,1.6,1.41,2.82,0.95,3.26,0.05,4.69,5.27,1.43,1.56,4.03,2.49,0.79,0.75,3.13,3.27,1.91,1.55,0.07,0.29,7.81,0.38,1.9,1.74,7.53,7.86,4.73,9.2,0.75,7.39,0.63,12.57,3.38,14.53,0.13,2.19,18.34,9.46,14.11,4.75,1.64,5.3,5.1,5.73,4.86,1.93,0.97,4.51,4.3,0.47,2.36,4.25,5.29,29.19,6.11,7.32,20.19,1.44,10.73,22.36,2.89,13.48,1.44,4.62,1.67,2.96,0.56,1.49,3.29,9.59,2.51,0.24,0.15,0.67,0.43,0.23,2.02,3.88,3.45,9.27,2.71,1.35,2.4,1.73,0.76,7.41,2.43,1.02,12.14,18.09,8.74,1.18,0.35,1.83,3.51,8.78,1.14,0.24,2.73,5.11,1.77,1.23,0.15,2.88,6.39,3.64,8.81,8.4,4.55,8.3,2.4,0.75,0.96,5.99,0.16,4.7,7.66,6.99,12.53,14.42,14.65,20.77,1.76,0.38,6.61,4.32,3.97,4.5,20.85,1.77,8.23
4,0.52,12.5,12.16,1.01,0.7,10.52,3.04,0.6,9.48,0.1,5.67,6.68,6.03,9.53,2.68,1.0,0.64,53.83,34.14,7.29,1.78,5.86,16.41,1.89,0.89,3.89,2.0,0.92,0.32,3.09,0.9,2.49,6.3,1.26,5.93,2.47,3.55,7.04,0.49,2.93,2.88,0.71,0.69,1.29,1.2,0.5,5.67,1.34,9.55,3.1,3.45,0.36,2.71,2.36,11.94,0.42,0.12,0.08,1.36,0.08,2.15,15.5,10.56,4.74,5.12,4.9,5.89,4.36,5.44,6.87,8.48,11.33,0.03,5.0,6.18,6.62,6.74,3.77,4.3,4.37,6.87,24.09,2.26,8.51,7.11,0.53,22.89,1.08,6.55,1.04,18.81,1.97,42.26,4.34,7.04,3.7,6.94,9.78,0.64,0.65,6.94,4.58,1.84,0.3,3.27,0.05,6.56,1.07,0.87,0.05,1.64,0.74,5.77,3.08,0.36,3.51,6.08,1.03,8.82,0.76,0.6,0.63,6.77,0.78,8.88,1.2,0.29,1.91,0.08,5.7,1.59,1.43,5.93,0.16,2.16,1.95,12.14,1.67,3.21,2.66,0.31,2.69,0.53,2.36,7.33,0.1,9.36,11.88,1.57,6.09,4.02,5.05,12.1,0.06,4.14,8.53,2.53,8.5,4.86,19.68,11.71,4.53,1.85,5.18,5.76,2.05,13.55,1.99,5.35,13.19,4.39,12.69
5,6.19,15.76,9.74,7.25,35.2,0.68,2.57,13.7,0.01,1.18,1.69,13.27,26.19,8.38,0.07,10.37,8.44,0.15,4.42,6.38,0.91,6.69,4.77,1.6,1.55,8.29,11.28,3.3,4.53,12.76,1.29,1.22,8.38,7.49,3.1,0.3,2.14,0.5,3.28,1.0,1.74,7.51,2.33,0.51,9.31,0.24,1.2,4.08,4.49,3.78,1.22,0.05,5.73,4.06,10.27,20.35,6.78,7.18,0.97,2.82,2.87,1.94,4.62,4.27,1.42,8.76,1.89,3.46,3.51,0.91,10.77,2.57,0.15,3.3,1.45,0.62,31.38,48.73,2.97,6.58,10.35,11.4,4.94,6.7,12.33,0.18,16.2,12.57,15.45,22.57,4.25,3.84,4.8,1.62,2.06,2.4,10.69,5.68,1.99,0.63,5.58,3.63,1.89,5.55,0.98,5.47,0.08,4.86,5.98,0.75,4.8,1.7,1.19,3.56,2.42,0.09,3.3,0.93,2.73,4.07,5.52,2.22,0.38,1.04,3.57,4.0,5.61,2.79,3.99,5.3,3.08,0.01,1.18,13.06,19.54,2.42,5.62,2.86,10.87,5.13,11.84,3.35,3.92,18.14,0.27,9.32,13.85,11.99,3.59,2.47,4.65,9.87,9.36
6,8.78,0.0,11.37,18.47,6.45,1.33,0.25,15.75,2.45,9.28,7.18,12.14,24.74,2.04,3.66,7.57,2.86,2.33,1.97,0.59,3.11,1.56,2.14,3.07,2.52,15.3,2.92,0.87,2.12,7.73,3.97,3.9,4.45,19.03,1.26,5.26,8.56,8.84,4.73,0.17,1.61,3.86,1.79,0.86,0.7,4.87,1.45,3.32,1.33,5.87,0.2,1.49,7.22,1.79,9.78,2.23,0.42,0.33,8.51,1.74,3.29,0.5,1.5,11.78,8.13,9.43,2.31,1.05,6.46,0.14,8.3,27.68,0.08,3.04,10.31,7.49,0.34,17.25,1.23,13.95,24.62,10.43,9.15,10.01,4.27,0.35,2.82,6.67,1.46,3.82,1.34,6.03,21.73,67.98,2.15,3.56,1.34,0.06,0.54,2.07,3.78,0.15,0.48,0.25,7.3,4.77,2.79,0.19,4.95,0.67,3.91,3.38,1.02,2.56,2.2,1.39,5.42,1.87,1.18,0.12,3.87,4.16,0.13,1.19,6.32,1.37,0.76,2.98,1.28,0.16,2.57,2.86,0.28,0.57,6.41,0.72,4.27,4.37,0.54,6.95,2.49,0.18,1.58,5.14,3.63,2.84,4.75,4.21,4.74,5.21,2.07,0.61,7.44,3.77,1.53,9.88,5.03,1.77,8.57,5.09,3.69,6.49,4.52,2.08,2.97,3.69,26.7,7.14,3.9,6.8,13.76,34.41
7,12.88,26.75,2.56,8.61,13.94,1.4,32.04,8.59,11.39,32.5,4.97,8.91,5.76,5.64,3.13,14.86,4.5,27.74,1.56,0.59,2.59,1.39,0.43,4.48,14.9,1.46,6.88,3.41,3.87,6.91,2.41,0.72,0.98,7.07,0.33,1.35,2.92,1.65,1.22,1.2,2.35,2.45,2.68,7.49,1.53,1.86,16.27,5.08,2.05,25.58,1.29,0.6,5.84,8.89,4.71,2.33,0.26,1.5,1.83,6.67,15.75,10.46,23.85,3.9,14.01,21.42,4.36,0.84,9.52,0.69,2.41,6.22,23.4,1.06,0.51,1.47,25.32,2.85,2.68,5.62,3.47,1.76,2.26,0.54,1.5,0.33,2.32,0.64,8.01,4.14,2.27,3.2,7.24,5.37,3.3,2.47,1.32,0.21,2.55,1.45,5.34,1.96,1.92,2.41,2.48,1.67,0.24,0.76,0.73,0.34,0.64,5.72,6.19,0.89,2.07,5.51,0.82,5.78,8.85,6.98,1.13,5.13,3.89,0.82,3.8,3.53,1.44,4.13,3.17,1.29,3.42,3.34,1.31,17.69,4.2,13.46,16.79,4.41,13.69,11.19,4.51,7.82,3.77,11.41,6.59,3.79,6.36,1.2,3.3,8.2,0.91,15.84,8.02,0.35,6.26,7.54
8,2.11,1.82,10.86,2.77,7.84,7.27,0.86,6.27,18.97,3.67,2.37,5.34,6.75,0.58,3.21,13.18,16.4,9.99,0.06,2.04,4.74,5.89,2.34,13.38,1.24,0.02,5.53,2.67,5.2,5.3,4.29,8.28,1.21,8.99,1.62,5.67,0.65,4.75,5.68,8.44,4.93,6.98,7.19,0.41,1.9,8.8,4.79,5.7,1.2,0.03,5.92,2.08,20.26,0.27,1.41,10.0,1.78,22.6,6.17,8.29,8.63,5.62,5.34,12.06,1.48,29.09,39.88,22.26,1.81,0.04,2.89,10.43,2.66,1.13,3.69,0.02,10.69,34.87,15.2,9.08,4.75,8.8,3.47,1.02,0.17,4.24,1.15,3.19,10.48,1.38,0.01,8.65,6.9,0.59,4.32,1.96,3.26,10.99,5.74,2.22,2.96,0.36,2.34,0.55,1.03,1.9,2.7,0.74,1.5,1.43,4.47,1.18,13.95,3.16,6.17,0.76,0.36,2.31,2.43,0.62,0.24,1.15,3.28,0.96,5.39,0.17,2.48,4.93,0.36,0.59,1.12,4.21,5.4,15.79,7.59,22.39,9.77,3.14,2.43,8.09,5.93,3.89,9.44,13.32,7.1,0.4,0.25,24.75,6.61,10.07,11.32,3.45,10.11,3.92
9,1.51,3.77,3.0,14.09,21.84,3.17,0.71,1.52,9.91,3.85,1.52,32.56,0.46,7.7,10.12,10.4,0.42,0.31,5.31,1.23,5.71,1.23,4.1,2.22,3.99,1.58,1.63,4.22,0.12,0.56,5.02,6.09,0.78,13.62,1.79,9.79,1.88,1.24,4.5,1.61,1.92,1.37,5.71,1.61,2.33,8.29,8.42,11.12,1.4,1.17,4.42,2.33,1.25,2.72,1.11,11.39,0.04,2.41,1.88,3.58,4.67,3.27,1.26,6.38,5.87,5.61,1.11,0.66,0.32,4.97,2.0,0.89,0.87,0.24,8.43,3.57,8.13,0.76,7.95,0.48,2.49,2.9,6.95,1.62,4.26,11.35,2.01,17.3,5.12,1.81,6.46,1.52,9.16,18.51,13.89,40.27,5.91,11.16,2.85,23.84,0.44,9.49,4.0,2.1,4.09,6.92,27.29,2.39,11.83,12.8,4.04,3.05,1.05,0.01,4.58,1.03,1.02,0.18,10.35,2.5,1.71,2.51,1.9,2.09,4.58,1.59,3.69,2.78,4.97,1.15,0.9,3.33,5.45,2.31,0.29,4.16,9.24,3.5,0.76,1.83,9.55,6.23,2.14,27.45,8.84,6.72,14.24,0.3,5.62,1.24,4.11,8.45,7.55,0.42,6.07,2.78,1.1,0.26,0.55,1.15,2.45,2.44,0.47,12.34,3.29,0.58,6.13,4.13,46.93,20.16
10,7.52,0.18,2.07,14.36,13.47,5.72,18.4,2.74,3.39,29.78,11.21,11.29,0.24,4.33,1.0,1.13,4.44,6.07,1.8,8.03,0.57,0.97,4.89,6.62,1.22,4.65,0.76,0.38,1.8,3.04,3.38,3.8,12.22,17.06,1.13,0.58,5.37,0.97,11.23,1.19,4.12,5.6,9.97,1.67,0.89,0.52,5.6,3.03,1.4,1.38,0.52,5.17,0.75,1.56,4.06,2.74,0.33,0.02,0.73,0.7,0.5,0.53,6.64,3.1,1.41,2.03,6.83,11.06,3.14,1.47,14.56,9.1,3.05,3.08,0.33,4.49,6.93,3.3,8.44,20.42,22.26,9.74,5.85,4.54,16.26,28.0,5.86,3.43,11.84,8.41,3.68,0.72,0.71,3.18,12.76,4.72,20.75,5.24,7.16,4.41,5.44,0.68,5.34,3.49,2.97,0.9,5.43,2.18,1.1,2.79,1.49,0.54,0.96,0.91,1.49,1.43,1.1,0.26,3.43,1.47,3.83,7.87,6.43,1.41,1.46,6.42,0.7,0.1,1.97,3.35,1.33,1.42,6.08,1.24,2.42,1.98,0.73,5.61,0.99,4.52,2.24,1.43,0.58,5.78,1.03,6.08,2.76,11.6,1.62,0.89,2.35,6.11,1.73,13.12,3.61,9.97,14.99,5.69,2.33,8.88,5.07,3.35,28.49,10.74,2.18,17.58,7.67,0.03,0.98,9.94,4.21,2.77,1.74,11.1,9.05,7.42,4.48
11,1.2,17.73,8.82,4.45,5.44,3.68,7.76,5.33,3.84,0.2,48.79,9.54,3.34,0.33,2.26,1.93,1.25,4.12,1.49,3.51,9.12,3.57,4.68,5.27,1.45,3.07,3.35,4.86,0.46,1.64,1.74,6.93,8.82,5.37,3.53,4.75,0.27,5.42,6.83,0.69,5.45,1.03,1.86,3.85,0.29,7.63,11.59,2.94,0.81,4.12,7.3,1.9,1.83,4.59,6.72,0.54,1.27,7.59,5.27,3.35,0.81,2.75,9.61,3.67,8.05,2.85,5.1,0.77,3.21,5.67,0.81,8.21,3.36,0.24,2.69,9.3,2.84,7.73,3.72,3.98,0.58,10.12,11.7,14.5,6.12,13.98,12.85,16.26,1.65,2.6,9.82,9.11,1.87,14.82,3.23,4.44,3.37,9.64,10.71,3.24,5.31,5.04,2.29,8.22,1.24,0.32,0.92,2.95,4.05,6.29,2.06,5.28,6.26,24.99,4.31,11.14,9.82,2.59,1.22,3.92,3.58,10.43,8.79,2.81,6.84,0.02,5.02,0.36,1.39,2.77,1.38,0.78,1.07,4.95,4.72,1.65,3.15,0.44,3.72,6.62,0.31,1.68,9.22,13.86,0.16,13.84,8.81,20.48,14.46,2.99,9.05,9.31,3.74,9.08,5.76,2.29,0.84,8.71,10.69,29.65,0.03,8.65
12,33.2,2.14,0.72,2.44,3.21,11.5,15.45,21.73,7.09,20.79,4.57,5.35,4.42,2.59,4.0,9.72,4.64,5.3,3.0,1.02,0.62,12.13,2.04,5.77,9.37,3.42,15.19,0.54,10.99,4.13,1.3,1.89,5.96,6.71,1.09,3.8,0.04,3.3,2.6,1.87,0.07,2.81,1.55,1.93,1.22,0.16,2.42,0.04,2.43,1.62,1.56,2.75,5.75,0.36,0.39,3.02,4.88,0.18,3.35,2.08,1.71,3.8,1.49,8.81,8.02,0.02,1.13,2.3,0.75,5.37,8.95,0.57,1.85,6.93,9.96,7.88,20.44,1.43,1.88,5.67,0.97,0.92,2.3,5.6,0.13,0.17,2.4,3.93,6.7,2.21,13.27,0.97,4.02,1.39,10.34,0.37,20.85,0.71,14.58,6.39,19.3,25.26,2.92,4.8,12.13,7.37,5.98,6.32,2.1,6.25,3.16,3.97,14.23,2.3,8.61,1.88,4.03,0.2,0.11,6.03,5.59,1.87,1.34,1.94,3.06,0.3,1.11,2.25,2.76,0.59,2.74,1.17,0.15,0.38,2.53,0.56,0.58,0.17,1.62,0.13,3.79,6.79,1.35,3.41,0.61,2.71,2.6,0.26,0.22,3.09,1.27,0.68,0.6,0.27,11.68,3.75,3.57,1.2,3.08,0.07,0.42,1.66,0.08,9.88,4.07,2.98,0.27,4.7,11.04,9.96,3.36,5.63,4.96,4.98,4.98,1.22,4.97,6.23,5.39,4.38,3.19,3.84,5.75,10.34,3.86,0.0,2.78,5.32,5.21,0.55,3.39,6.46,10.96,4.88,10.95,9.78,1.44,4.4,6.2
13,8.34,53.22,6.57,3.08,0.55,11.54,14.05,7.43,1.5,2.38,3.17,22.0,11.69,5.55,2.97,5.83,0.7,6.62,0.33,2.2,5.05,3.96,3.62,5.63,0.68,2.27,2.09,6.22,0.64,5.68,0.16,1.12,2.68,7.54,0.1,3.77,7.63,0.9,6.94,1.59,0.56,0.79,3.59,0.89,0.58,0.13,2.72,6.11,0.82,1.68,0.95,2.02,0.46,0.86,3.26,0.97,8.47,1.37,6.0,4.59,6.59,0.22,0.82,3.29,8.57,4.53,7.27,13.13,0.26,7.96,19.13,13.49,0.01,11.47,5.67,8.91,1.23,2.68,12.85,1.8,4.67,2.31,3.77,8.21,0.28,2.15,0.5,12.89,0.7,6.35,0.86,15.96,49.04,1.69,21.02,5.6,3.35,12.44,4.92,0.32,0.57,2.59,6.72,9.09,0.38,8.64,13.3,10.06,6.93,2.95,5.23,2.33,2.81,1.55,1.79,5.49,1.38,4.23,1.03,2.86,2.05,0.19,0.89,2.52,1.57,3.95,2.49,4.32,0.11,3.77,0.0,8.39,1.16,0.16,5.58,2.82,0.96,0.17,6.59,2.8,0.23,0.16,1.43,1.25,0.23,2.13,2.92,0.96,10.7,2.36,7.15,5.42,14.24,3.01,6.58,2.53,2.04,0.95,12.61,6.86,0.75,4.28,4.92,3.44,23.04,1.75,4.29,2.23,5.15,2.06,6.38,0.35,1.53,1.69,7.42,0.64,0.56,0.33,9.14,0.72,4.18,5.23,0.85,10.39,1.36,8.17
14,20.74,2.16,11.38,17.34,11.93,10.22,14.34,13.47,19.31,6.55,4.78,5.56,0.51,3.34,1.83,1.58,3.79,0.88,2.07,2.87,0.31,2.38,3.23,0.97,2.22,0.8,8.01,1.05,3.45,0.83,3.29,1.31,3.21,1.85,2.84,4.39,6.42,0.95,5.24,11.25,2.35,11.42,9.86,2.11,0.1,5.85,5.54,1.13,2.85,1.06,6.0,2.86,4.38,1.32,4.12,1.3,0.1,5.69,5.59,1.25,7.56,7.34,26.26,4.47,17.84,0.69,0.15,0.59,0.08,7.86,0.66,0.85,2.63,0.5,3.18,4.64,1.63,4.44,3.66,1.12,6.51,27.99,5.33,15.54,5.72,2.18,23.02,3.98,10.74,0.8,21.56,13.65,8.53,12.97,9.4,0.8,5.45,0.38,5.87,7.66,6.37,6.14,5.03,12.3,6.21,2.89,1.62,2.11,0.1,1.85,0.13,1.64,0.22,0.93,4.16,3.39,3.21,3.96,1.94,5.7,1.11,3.17,3.37,1.95,6.58,1.51,9.01,1.5,1.23,3.48,3.81,0.1,0.27,2.2,3.53,0.42,0.55,1.38,0.62,0.07,0.69,0.78,2.49,3.54,4.84,1.93,12.97,0.08,8.54,0.34,14.71,12.99,8.03,1.19,4.13,21.79,1.02,1.82,24.42,5.16,6.23,4.32,3.28,1.87,5.56,6.3,4.44,15.61,21.07,15.04
15,23.75,2.92,4.79,3.31,5.0,21.57,4.95,10.78,41.83,3.53,3.6,1.85,0.07,0.19,2.1,2.91,0.65,8.48,12.37,1.27,0.35,0.69,1.34,4.11,0.01,13.22,4.34,2.06,0.87,5.91,8.92,0.05,19.77,13.18,13.71,1.07,0.06,5.92,0.84,3.62,2.16,1.4,2.6,1.85,0.48,4.14,5.68,0.91,4.35,6.04,0.21,3.08,3.97,1.09,0.52,1.16,4.49,16.54,5.5,0.72,5.65,0.64,0.06,1.45,3.35,9.57,3.65,1.99,6.14,4.02,2.96,13.61,16.83,1.74,16.81,5.57,8.41,6.94,4.92,29.04,5.68,16.13,16.74,1.2,3.18,18.27,4.4,17.93,7.13,6.26,1.81,0.03,4.08,20.35,0.8,5.16,8.62,2.51,2.81,1.97,0.81,11.86,1.49,0.95,1.04,1.9,1.74,0.98,5.19,0.8,6.56,8.58,10.19,9.88,1.76,0.98,4.96,0.0,0.31,0.57,0.57,0.47,1.77,0.06,4.61,0.64,8.47,0.41,0.08,6.93,7.42,0.63,2.22,1.44,0.95,3.5,0.65,6.24,8.49,5.24,1.44,7.34,2.39,5.96,7.61,4.8,0.12,5.92,3.09,15.46,4.62,6.06,17.87,0.86,11.65,1.92,3.29,2.4,8.7,6.91,1.16,14.26,7.52,0.05,24.31
16,15.72,3.11,1.94,1.14,19.21,23.88,0.5,20.69,2.46,9.11,6.7,7.74,15.42,4.91,1.92,8.92,4.87,1.59,0.84,4.37,6.17,7.13,0.22,18.96,3.62,13.77,3.8,4.62,9.01,2.43,7.45,2.12,10.1,2.05,4.86,1.87,0.33,1.54,0.33,4.07,4.95,1.18,3.32,1.15,3.41,2.53,3.05,1.62,2.0,2.58,1.66,4.19,0.6,1.05,2.24,5.62,13.1,6.6,0.11,4.28,0.08,2.92,0.38,11.62,4.92,1.36,1.24,2.93,4.17,3.02,1.19,7.69,0.97,6.11,10.23,3.61,0.17,25.03,1.61,0.5,2.74,1.12,3.22,9.96,10.49,25.34,22.25,17.85,8.4,5.37,0.47,5.18,15.1,6.07,1.35,1.23,0.08,5.67,1.43,3.59,2.09,0.19,0.52,0.43,4.36,1.61,2.31,0.9,8.25,4.28,2.47,7.18,1.27,5.23,5.92,2.84,0.41,1.68,10.52,5.82,3.93,3.07,0.21,1.59,9.78,6.11,0.32,0.05,7.29,1.86,3.3,6.41,0.15,2.5,3.19,0.93,2.47,2.35,0.26,8.67,1.32,1.26,1.02,0.1,2.66,1.23,1.27,1.11,1.17,17.43,2.01,13.42,17.19,0.87,5.09,5.55,3.04,3.07,0.94,5.87,1.99,8.01,13.68,0.13,4.28,9.36,7.26,19.06,7.91,0.2,3.74,57.21
17,0.57,1.82,2.07,4.86,18.65,1.39,5.6,1.11,23.39,6.34,4.17,19.7,23.08,1.34,13.89,0.71,1.56,1.36,0.11,0.15,6.33,0.72,4.91,5.81,0.41,0.01,2.77,13.25,1.79,2.17,1.66,12.46,0.71,11.49,11.93,0.4,6.21,6.25,2.85,1.99,2.37,7.78,1.78,1.0,1.51,2.3,1.36,2.38,1.06,2.59,2.19,1.36,8.43,6.08,1.6,0.08,1.07,0.2,4.04,1.61,0.1,3.32,4.54,6.47,1.65,0.16,0.31,11.59,0.12,3.07,2.61,3.57,4.55,2.05,15.94,5.45,1.45,3.28,1.91,1.29,9.76,0.03,6.6,12.65,3.03,0.9,7.69,28.83,1.73,4.16,12.22,15.48,0.54,15.95,2.28,5.44,5.95,24.03,1.22,4.52,0.71,0.19,20.36,10.36,3.21,3.65,0.92,10.84,2.12,1.69,0.39,3.19,4.93,0.3,8.43,4.64,6.0,16.61,0.23,1.54,4.42,0.32,3.82,0.21,0.73,0.53,1.36,0.34,1.38,12.38,3.45,1.09,5.13,0.06,2.0,6.14,0.88,2.45,0.01,1.45,1.62,3.37,3.61,0.47,2.48,4.68,2.66,4.9,4.77,1.74,0.87,1.98,9.08,13.84,0.25,2.99,8.82,1.01,11.0,7.05,18.41,0.35,7.06,8.57,9.39,10.32,48.19,0.03,3.78,1.23,5.3,1.3,0.59,0.09,14.45,46.76
18,1.89,10.98,23.82,3.06,14.84,5.36,28.22,1.88,11.79,11.46,1.7,3.86,5.62,6.6,16.44,2.15,4.84,6.36,4.69,3.42,0.86,11.18,10.26,7.89,6.31,3.61,13.62,0.96,0.03,5.05,24.13,0.63,1.75,1.98,0.57,0.15,1.01,1.28,0.62,5.62,1.04,7.01,7.89,1.53,3.7,1.96,6.12,0.11,0.33,3.71,1.83,3.84,8.96,0.45,1.86,3.43,17.44,10.2,5.9,0.02,10.48,7.42,8.38,0.04,8.07,8.05,14.9,3.52,0.24,1.37,13.68,5.37,8.77,0.58,2.97,48.14,6.61,31.91,0.69,9.41,20.33,2.87,17.29,19.75,0.54,0.06,2.68,0.5,0.17,8.56,6.05,1.08,2.25,1.23,3.61,1.85,0.17,0.31,1.42,2.58,4.23,0.84,2.72,1.89,5.08,5.39,1.67,1.81,1.05,3.66,9.19,1.42,2.87,0.84,7.31,8.22,12.38,1.0,4.82,4.19,1.11,0.07,2.7,8.79,1.79,9.28,1.6,8.74,0.03,10.43,17.13,0.45,1.3,4.32,19.96,8.71,8.13,35.8,31.3,3.84,4.18,4.67
19,15.75,1.97,0.81,5.81,1.64,3.46,25.68,9.83,7.57,12.57,6.61,2.86,0.77,37.53,1.46,5.38,3.25,3.56,0.94,0.36,5.14,6.01,5.37,4.08,8.16,2.44,11.65,13.28,3.96,2.57,0.36,2.71,1.67,0.89,4.57,3.92,3.79,1.08,0.3,6.04,2.87,1.36,2.14,3.48,0.62,2.06,1.03,1.2,1.95,0.12,3.87,3.89,10.16,2.31,4.33,6.46,9.94,16.14,12.9,3.35,5.24,3.99,0.99,4.74,1.37,9.96,2.31,4.27,1.59,9.69,0.21,11.79,2.13,13.61,9.68,2.18,1.23,2.0,4.19,5.01,3.93,19.76,3.24,6.27,4.49,2.48,1.14,11.54,26.1,11.52,11.86,2.88,5.41,4.62,3.22,5.28,7.66,5.07,20.73,13.52,4.0,0.18,7.57,3.05,2.4,1.48,0.19,2.88,1.84,2.19,5.86,1.48,6.49,0.95,1.09,1.75,5.8,4.51,0.6,0.57,2.22,1.3,1.2,8.4,2.58,0.64,0.47,1.07,1.24,0.78,3.05,0.03,1.03,0.01,1.76,4.5,9.12,0.98,1.8,0.84,1.29,3.32,0.23,1.6,5.02,4.31,0.25,0.1,0.98,6.35,1.03,0.53,0.79,0.69,4.66,5.82,6.99,0.14,5.57,2.7,12.08,3.38,7.84,0.68,10.3,8.43,5.3,4.79,6.94,2.56,1.17,4.45,12.22,5.27,5.89,14.1,0.51,0.34,3.96,4.52,6.06,0.53,6.93,10.17,11.93,7.39
20,1.2,27.18,5.04,25.59,4.74,4.25,8.81,14.48,19.98,17.15,1.81,2.25,3.88,9.8,2.64,2.59,3.55,11.29,3.52,6.09,9.66,0.56,24.81,6.42,0.08,6.02,4.09,13.05,1.14,3.69,0.25,0.26,1.22,2.77,0.41,1.34,4.25,0.15,0.2,5.23,2.56,3.08,0.29,1.33,0.25,2.34,13.61,0.14,4.17,2.66,3.55,3.04,0.61,0.19,1.3,2.38,0.58,10.84,0.7,3.43,5.06,4.68,0.14,3.13,3.54,6.14,0.31,2.53,1.01,1.31,3.62,2.05,0.67,3.33,0.85,0.91,11.55,0.53,0.41,5.0,18.98,7.05,7.11,3.71,1.96,3.47,7.54,12.87,3.71,15.43,0.11,15.28,2.95,11.49,1.93,17.08,16.92,22.6,1.41,1.31,0.37,7.74,1.74,3.81,5.66,1.05,2.74,3.2,2.73,1.55,8.92,3.34,0.25,1.19,5.88,6.41,5.76,1.54,2.18,6.13,0.71,3.47,4.11,2.12,1.14,13.03,0.04,0.88,3.54,1.71,1.42,2.35,4.18,0.68,0.09,1.54,1.72,0.92,1.88,3.25,2.17,0.08,7.31,1.35,10.61,2.39,1.93,0.16,2.85,0.67,2.45,0.19,1.66,0.59,7.42,1.78,1.17,0.1,1.14,0.96,1.98,2.06,0.44,8.74,3.27,5.69,7.83,8.25,0.71,6.71,7.93,8.28,4.97,22.45,5.87,19.02,22.29,10.6,7.07,12.32,6.99,1.84,2.48,14.18
21,13.15,6.78,2.76,12.88,5.79,18.47,5.61,3.41,0.8,0.71,1.52,23.29,21.9,17.75,1.37,4.83,0.6,0.62,1.93,0.97,2.88,0.09,1.22,1.6,9.53,7.24,1.14,1.14,1.89,1.27,0.63,3.62,3.19,4.16,0.78,4.48,4.64,6.8,4.78,7.79,10.28,17.5,0.33,2.31,0.05,1.55,5.19,2.45,2.8,1.44,3.33,2.01,3.32,1.7,2.6,6.75,0.07,0.52,2.91,0.01,2.46,0.29,2.87,5.05,3.03,0.08,1.27,3.85,0.71,5.18,0.03,24.16,6.18,6.72,2.02,7.1,2.37,8.31,7.32,3.14,5.68,5.84,5.05,14.64,11.64,0.36,2.45,8.7,0.58,7.13,14.67,4.35,11.09,1.6,2.62,6.12,10.79,11.78,8.87,6.42,2.86,13.01,6.84,12.75,4.64,0.41,24.76,4.08,15.36,4.74,0.97,1.56,1.01,0.02,5.97,0.9,7.57,0.13,3.32,1.52,2.01,3.19,2.4,2.97,0.32,1.89,7.36,1.98,1.82,2.19,1.39,1.64,8.67,6.47,2.15,5.39,1.96,3.11,0.38,0.3,2.09,0.86,0.75,4.8,8.5,2.6,1.69,1.2,1.48,0.18,2.12,1.43,2.48,0.32,5.11,9.2,0.15,1.93,16.88,5.06,0.0,2.72,1.61,4.02,9.4,0.86,7.39,1.09,7.91,1.25,4.05,5.63,17.34,1.87,25.03,6.7,5.72,0.27,15.54,5.99,2.13,3.88,3.81,16.69
22,6.3,9.96,11.25,7.14,30.92,4.16,3.67,12.87,6.22,0.45,10.13,3.23,8.52,3.46,0.18,42.25,0.61,5.18,3.03,14.06,2.62,5.78,10.21,0.76,5.07,4.28,1.21,19.17,23.66,3.38,0.91,0.43,1.74,0.57,2.4,2.37,1.12,1.2,4.43,0.01,3.06,4.03,1.91,0.77,1.37,1.53,11.48,0.78,2.37,5.57,6.15,7.36,4.15,5.21,0.7,0.21,2.94,8.24,14.28,1.07,0.8,0.27,2.39,3.15,7.68,5.68,22.36,0.7,32.61,12.01,8.03,2.76,14.22,1.21,19.85,5.77,5.05,7.03,9.79,4.47,1.39,1.98,17.27,4.18,5.21,1.48,3.59,12.42,2.38,9.48,18.8,1.41,3.14,2.23,0.65,0.19,0.1,0.47,3.74,1.27,1.04,0.2,3.46,0.61,0.5,3.55,9.12,4.24,0.74,1.7,1.28,6.15,1.09,3.19,1.09,4.31,0.01,0.48,7.67,2.49,3.13,4.9,3.73,10.61,0.46,1.85,12.31,3.15,0.0,1.2,1.31,0.64,0.82,5.72,6.75,14.37,2.51,17.46,11.14,4.34,0.0,4.54,11.46,2.78,5.31,28.3,1.08,12.91,5.68,4.61,0.68,1.21,12.04,18.74,0.54,2.34,2.57,1.19,4.86,4.78
23,3.69,9.71,25.41,3.74,18.93,4.57,11.27,0.04,19.89,5.7,4.1,11.44,1.42,5.3,6.59,2.77,6.6,1.08,0.76,1.07,5.51,2.39,0.68,3.47,2.94,1.73,4.75,1.46,5.88,0.41,6.0,1.16,6.93,6.87,0.84,9.86,5.45,4.84,7.98,3.86,1.34,14.21,3.68,3.74,0.35,8.71,1.51,0.19,3.75,1.9,0.95,2.57,0.08,4.59,4.58,1.02,0.36,0.22,2.18,6.17,1.92,1.61,2.17,1.23,1.07,0.99,1.02,7.77,2.08,20.12,10.97,3.77,0.14,5.5,2.54,5.19,1.59,14.8,5.3,1.27,2.68,5.72,6.31,3.37,1.58,5.98,0.09,7.44,3.77,9.82,2.6,33.06,21.28,15.65,44.47,1.14,0.68,11.52,4.23,5.18,2.22,14.36,3.58,0.17,27.77,1.34,2.74,1.46,5.58,0.04,2.33,4.12,1.7,3.53,0.54,7.48,2.62,4.06,1.43,1.86,1.55,0.02,1.84,8.53,1.34,2.97,0.41,1.67,1.32,2.19,5.75,6.61,4.16,0.76,1.87,0.26,2.3,2.4,2.69,5.08,2.4,0.04,3.96,3.3,1.79,9.15,5.47,6.21,5.58,13.99,7.01,2.28,5.6,11.86,5.72,13.04,9.29,6.6,3.15,5.9,0.81,0.24,4.41,11.19,14.91,7.66,10.27,16.34,2.72
24,5.25,3.69,1.02,0.83,0.12,30.76,24.85,7.08,2.3,25.16,3.19,28.93,0.41,3.25,0.77,2.5,1.67,2.5,4.45,2.33,10.31,3.93,3.2,2.74,2.88,0.02,0.78,8.63,5.25,0.39,4.82,10.76,0.88,5.14,8.43,11.37,2.83,0.25,0.73,9.43,12.65,2.98,1.96,3.14,0.95,3.01,4.78,1.47,1.4,9.07,4.74,0.07,1.63,2.14,0.62,4.35,2.85,12.09,1.72,3.28,4.68,0.5,1.79,2.34,7.13,2.75,1.71,1.17,2.82,11.6,8.72,9.4,6.07,6.74,3.36,5.68,1.06,0.94,8.24,6.38,11.34,10.33,0.05,13.35,9.84,19.12,0.36,4.81,3.81,3.9,22.07,5.8,1.14,6.81,12.43,10.73,0.11,6.81,4.18,6.93,7.59,0.25,7.99,4.53,14.94,0.62,0.79,1.67,1.4,16.37,0.81,0.02,0.52,7.59,5.3,2.61,0.39,1.33,2.64,0.34,7.24,2.94,3.77,1.4,0.65,5.97,5.4,2.19,0.81,2.25,8.26,2.33,3.93,5.65,0.18,7.59,7.49,2.03,11.29,2.44,2.61,17.75,19.74,28.78,9.46,2.64,3.52,6.11,0.53,8.55,2.45,0.19,0.81,18.49,3.36,9.11,8.8,0.13,4.94,0.65,1.36,0.17,7.64,1.71,3.54,3.9,2.12,0.55,1.28,1.37,0.21,3.37
25,20.5,1.99,13.47,6.35,1.02,8.32,9.18,5.22,16.03,7.69,16.4,13.49,11.91,10.51,5.44,3.34,1.92,2.23,4.26,1.18,1.05,12.07,1.59,4.19,0.63,7.17,0.18,7.47,20.48,3.1,5.49,5.47,1.47,2.33,12.55,2.02,5.77,10.19,9.25,2.6,1.87,4.13,0.75,1.37,0.89,11.04,5.46,3.15,2.19,0.05,8.33,11.26,5.14,9.11,5.77,8.03,3.1,0.78,5.75,3.99,13.25,9.86,3.75,4.52,4.84,10.94,12.52,15.78,10.51,4.31,0.4,5.67,0.42,1.35,23.72,25.0,12.41,3.03,8.64,9.92,1.83,0.84,1.84,3.04,6.77,0.56,0.69,7.27,1.57,0.48,2.01,12.07,5.76,5.76,4.15,0.19,2.1,6.25,1.8,1.85,1.34,0.48,2.68,10.2,1.0,3.62,1.22,3.61,9.94,0.68,1.02,2.34,0.19,5.78,4.27,7.11,7.89,1.9,2.48,1.12,0.03,1.56,0.79,1.93,1.83,0.42,0.14,2.52,0.53,1.42,2.82,1.97,5.22,1.59,0.86,2.76,0.2,0.09,0.94,1.73,1.92,0.79,0.89,8.19,5.46,21.73,10.2,0.33,4.01,16.08,28.49,30.65,13.87,0.05,3.4,4.07,11.12,1.46,15.11,0.88,19.47
26,13.03,3.1,23.56,8.05,0.9,22.08,1.55,0.84,0.1,7.72,7.81,2.75,43.92,9.1,1.87,0.85,3.29,5.57,0.7,8.73,1.33,0.25,1.61,2.17,0.19,0.85,3.95,8.78,2.68,8.43,1.8,6.24,0.42,2.83,5.28,9.9,8.03,1.96,4.77,2.2,0.5,0.86,1.13,1.17,0.05,3.8,0.02,1.1,4.31,0.89,0.13,1.23,2.84,12.81,2.43,3.85,0.56,1.6,0.64,4.22,0.64,1.46,2.06,0.06,1.52,4.62,0.17,0.13,1.18,9.45,2.25,0.17,5.85,0.46,1.97,1.92,0.25,10.43,10.16,1.73,0.53,6.77,5.97,2.7,2.51,6.11,0.49,2.48,1.06,8.93,9.14,10.84,4.08,0.96,4.29,7.37,3.55,6.08,9.28,0.48,14.62,11.98,2.09,22.44,2.15,19.19,57.64,2.87,1.88,1.59,1.88,3.65,4.56,1.45,17.58,6.65,2.02,3.84,0.17,6.69,0.27,1.53,1.19,14.1,1.13,0.49,4.17,5.43,6.06,0.82,0.81,0.28,1.1,5.54,3.84,0.89,7.56,3.5,2.52,3.63,8.04,0.61,1.05,1.4,5.14,3.02,0.92,1.48,6.56,4.53,0.04,2.92,3.06,7.62,1.09,1.69,0.36,3.66,15.68,2.42,7.9,3.77,10.49,2.29,8.58,10.67,2.27,7.72,3.76,1.2,5.65,4.6,4.04,1.99,3.04,12.32,1.48,6.28,4.75,7.93,4.19,0.43,10.67,3.22,15.45,5.88
27,4.98,2.69,11.39,6.61,15.46,3.92,20.62,10.81,10.86,12.36,2.48,5.91,1.73,5.9,5.16,0.46,4.49,2.77,2.84,2.5,8.64,5.11,1.12,5.03,1.92,1.98,10.93,1.59,0.19,1.11,3.71,2.51,3.6,0.58,5.5,10.55,12.0,9.11,12.98,8.68,1.35,0.6,1.08,4.49,3.51,2.08,6.64,6.75,0.95,1.76,4.33,1.55,0.7,1.43,9.21,0.51,0.47,0.64,2.48,0.12,3.04,6.99,4.93,3.5,1.64,1.27,1.44,0.23,20.16,4.27,1.52,8.71,8.74,4.75,0.18,35.93,0.02,4.25,4.69,21.04,12.49,1.66,15.57,3.7,9.49,0.62,8.48,23.1,6.23,7.67,23.68,2.23,2.99,4.9,7.95,1.4,1.79,1.28,2.91,5.33,3.77,4.92,1.93,0.81,4.75,4.64,5.78,9.64,4.24,2.23,2.04,1.52,2.17,7.85,4.87,1.91,1.5,0.17,8.11,0.12,1.5,9.42,2.17,3.68,0.39,2.51,0.98,0.85,2.06,8.16,0.23,4.59,1.59,0.81,10.87,3.49,1.3,0.83,3.31,1.76,1.68,0.23,1.41,2.76,3.59,2.96,1.12,7.05,1.68,1.26,15.58,0.88,15.0,3.89,11.46,12.9,5.18,1.15,15.55,3.14,0.43,2.25,0.62,1.31,24.53,5.24,5.17,18.33,5.45,4.1,2.03,3.15,11.68,1.16,25.12
28,0.04,2.66,4.03,1.45,22.1,20.25,47.48,20.4,23.99,3.38,9.08,5.31,5.73,0.45,1.19,7.97,1.26,3.19,0.61,16.12,2.99,5.48,3.11,1.43,1.26,1.2,10.03,0.76,4.56,0.71,5.56,2.11,3.0,1.62,1.19,0.43,0.89,2.41,0.38,7.87,3.93,9.64,3.33,1.47,2.88,2.2,1.74,5.31,2.0,5.39,2.59,0.06,2.83,0.26,0.31,1.95,0.69,7.46,3.72,13.68,4.31,13.67,0.37,6.04,1.4,3.98,14.94,1.45,5.51,24.26,0.08,25.26,21.82,6.71,19.7,14.97,0.33,27.14,9.65,2.01,2.08,7.52,2.8,1.11,3.92,3.54,1.53,4.07,5.7,0.81,8.81,1.97,3.0,1.51,9.76,9.36,3.61,0.88,1.76,3.65,0.44,0.91,5.77,0.25,0.64,1.14,2.15,4.57,7.4,0.54,1.21,0.96,0.21,0.38,1.21,2.32,1.54,3.01,1.2,0.19,0.15,3.81,6.88,2.61,0.76,4.36,2.36,0.42,0.86,0.59,4.36,0.24,2.49,2.76,3.06,3.01,6.39,8.92,2.32,2.85,2.28,6.23,0.5,0.25,0.16,1.64,0.33,1.15,0.79,4.09,0.57,2.02,2.84,6.94,1.06,6.51,15.73,6.64,0.72,30.96,2.29,14.76,4.97,6.26,0.74,4.3,13.03,2.22,6.62,2.88,5.18,16.22,20.17,3.28,6.27
29,18.1,9.3,8.18,3.38,41.95,13.69,4.57,18.34,1.87,9.45,0.04,4.81,4.95,14.82,3.25,0.96,2.45,2.67,0.55,0.8,1.16,7.68,11.43,0.05,0.26,0.98,3.47,3.96,1.47,8.8,10.37,2.47,1.63,1.86,12.63,6.79,13.58,0.85,3.91,5.76,0.36,0.49,2.73,1.65,1.36,0.09,1.57,0.07,2.67,2.47,0.23,4.7,1.95,2.01,2.14,3.84,5.8,6.52,8.46,3.16,1.87,0.06,1.71,1.31,4.31,2.62,11.74,12.42,2.05,31.0,7.93,26.56,5.72,24.39,30.34,7.12,20.8,6.52,1.07,12.39,2.36,5.0,17.64,0.59,2.23,6.66,9.62,2.94,4.84,2.2,11.59,5.53,7.21,3.55,3.4,5.16,0.29,1.61,3.26,3.35,0.97,0.02,0.86,2.58,0.26,3.73,1.23,4.24,3.59,0.58,0.91,1.49,1.01,0.12,4.0,0.59,1.93,0.1,5.99,3.55,0.04,1.71,7.79,1.65,6.68,3.35,0.3,0.67,15.07,2.48,0.32,1.3,1.27,9.83,3.65,1.43,5.13,1.24,17.11,3.78,3.46,11.59,4.42,2.18,16.01,3.13,0.23,22.27,2.49,24.81,2.67,3.2,2.57,12.36,8.89,2.05,2.96,0.28,1.78,2.58,0.23,0.95,6.39,2.01,22.7
30,5.43,4.24,4.09,58.96,11.13,9.8,15.97,8.67,3.65,0.04,2.3,0.68,0.79,1.03,0.81,0.35,4.38,2.49,3.6,0.05,7.66,1.39,7.31,1.03,5.17,2.75,3.77,1.51,5.48,0.13,3.92,0.99,3.74,0.63,4.47,4.08,2.62,8.71,5.5,1.83,2.12,20.78,7.35,3.3,0.2,2.2,1.88,0.55,0.23,0.07,1.12,3.77,6.12,4.42,6.2,4.4,1.51,1.66,2.86,2.51,1.03,2.38,0.18,2.59,5.66,2.99,0.45,1.32,5.2,0.86,2.09,1.38,10.57,1.42,18.04,3.04,10.97,4.69,0.96,1.08,4.0,0.27,4.69,6.2,2.19,11.37,2.32,6.05,3.94,3.5,0.47,2.89,0.97,4.74,3.68,2.2,7.42,5.83,3.18,2.05,7.56,0.02,14.61,26.95,10.72,0.64,1.34,9.67,1.92,1.79,4.84,29.51,0.77,1.83,0.37,3.97,4.06,5.59,7.03,6.06,5.48,0.38,1.7,2.84,17.74,0.73,1.94,0.37,0.87,3.06,3.19,2.94,3.86,2.29,1.73,1.03,0.17,0.73,0.14,0.8,1.78,0.15,4.81,2.43,0.82,2.5,4.07,2.1,5.06,0.96,0.22,1.55,1.92,0.22,7.39,5.28,9.51,0.46,0.17,3.24,6.03,0.32,3.64,1.2,4.68,0.29,0.07,9.26,1.78,0.84,5.73,1.77,2.8,0.8,4.43,5.0,0.36,22.92,3.49,2.49,0.66,2.33,4.26,1.59,1.0,28.39,0.73,1.52,8.94,10.93,2.5,6.59,4.77,8.67,16.49,0.08,5.32,5.48,0.97,1.57,3.7,2.82,0.3,3.51,5.31,7.21,18.94
31,23.6,32.15,2.04,0.6,1.15,2.67,14.48,3.72,1.97,7.96,1.56,21.71,16.68,4.93,3.18,0.3,0.92,3.32,0.51,0.19,0.36,8.75,2.16,11.62,1.17,1.87,8.39,4.26,8.37,1.95,6.74,8.64,0.64,0.61,4.45,6.23,0.35,1.32,5.18,19.99,3.69,0.16,1.16,1.93,1.03,7.65,2.1,4.08,7.48,1.98,2.2,0.35,2.11,1.38,0.98,0.26,0.32,0.7,2.21,7.79,0.6,2.08,1.19,0.78,2.92,3.34,0.37,3.73,2.69,1.1,3.71,0.94,0.58,5.09,5.69,5.34,10.48,1.68,3.61,7.23,4.63,8.16,1.99,10.58,1.07,2.68,5.58,3.51,1.73,2.11,0.13,10.19,9.13,18.62,0.82,0.95,8.34,9.76,12.67,0.75,0.13,9.91,23.21,9.24,12.15,1.91,3.56,7.55,1.06,0.28,0.8,0.45,7.66,0.08,9.66,3.0,11.09,1.45,0.83,1.48,4.5,17.92,3.75,1.85,0.39,4.15,4.67,0.39,8.09,2.26,0.77,0.2,11.9,6.31,0.15,0.4,4.25,1.64,0.94,0.13,2.12,2.95,0.06,9.21,0.1,1.35,0.79,6.69,1.12,1.92,1.37,0.23,2.43,0.38,0.08,4.73,0.18,3.13,2.08,2.62,7.86,3.47,0.93,3.69,3.74,6.2,2.24,0.95,3.11,21.13,1.76,2.43,6.13,1.5,2.01,27.93,3.1,0.66,2.61,3.11,10.17,4.58,4.14,5.24,23.5,3.0,38.56,4.39,0.15,2.71,23.74
32,12.65,2.43,7.3,0.66,12.17,0.06,12.34,6.53,2.23,14.61,11.15,8.81,1.43,1.14,18.42,2.15,2.35,0.52,10.58,5.38,8.22,0.79,5.18,7.23,4.0,6.75,9.84,1.28,6.54,11.97,2.79,3.82,3.51,5.51,0.13,2.43,2.59,0.56,13.37,2.67,1.82,0.72,1.1,7.72,0.94,7.98,0.31,0.67,1.45,0.62,1.02,0.16,2.87,1.99,1.23,2.38,5.38,1.01,2.27,13.44,0.46,0.32,0.01,1.19,0.35,2.56,2.83,0.53,1.07,0.59,4.21,2.51,7.64,0.57,8.19,9.13,3.06,8.75,2.31,1.96,2.74,0.91,11.35,3.53,17.54,13.36,30.14,31.1,13.18,11.9,13.85,8.59,7.24,4.38,3.47,6.54,11.78,7.87,7.72,6.43,0.01,1.22,0.32,6.96,9.45,1.99,0.69,8.3,1.42,12.52,1.23,0.29,0.31,3.27,0.12,2.12,2.92,3.8,17.26,2.73,3.28,4.75,1.12,6.84,2.24,3.01,8.14,5.88,0.47,0.67,0.01,0.56,2.8,1.73,2.42,3.6,1.4,0.79,0.03,0.77,7.65,7.65,0.22,0.57,0.91,6.69,2.19,1.07,3.05,5.03,16.24,17.59,1.26,19.91,0.99,1.93,0.12,22.45,2.98,0.62,4.17,3.47,0.73,7.16,5.3,12.79,10.33,1.63,21.73,0.01,9.22,20.82
33,8.39,2.96,4.09,0.64,9.59,2.13,9.53,5.48,9.5,0.53,10.96,29.39,9.24,19.51,13.95,2.49,1.67,5.07,3.61,1.8,1.7,3.09,3.28,4.6,0.63,2.85,3.06,5.2,6.97,1.68,5.24,5.0,0.27,5.57,2.7,2.46,3.53,17.79,0.53,6.28,2.23,1.44,2.02,14.79,1.39,2.57,3.64,3.57,4.16,2.12,0.61,0.89,1.18,1.19,3.81,0.75,9.58,11.77,1.11,6.69,1.4,4.84,19.4,1.89,0.05,0.92,5.42,2.44,5.26,9.23,1.82,5.29,13.7,6.64,5.98,8.68,3.13,8.15,8.54,0.78,16.2,9.28,27.62,5.32,12.05,9.91,11.93,7.73,5.82,21.37,16.31,1.78,7.16,3.15,12.63,5.4,2.55,0.8,0.88,12.52,1.64,0.15,1.62,1.6,6.31,0.41,4.97,3.85,0.12,2.04,1.11,1.44,5.28,2.69,1.22,0.15,3.1,2.23,3.45,2.17,7.09,2.99,8.98,0.34,3.03,0.85,2.18,0.19,7.91,0.95,1.3,0.43,0.64,2.55,2.07,5.83,3.22,2.13,0.19,0.18,0.49,0.76,3.02,1.23,0.65,0.95,4.32,8.99,11.19,7.44,2.85,4.55,10.1,9.23,4.24,7.75,3.19,15.76,2.56,9.94,1.07,17.11,3.57,0.46,21.09,2.49,8.64,7.78,4.11,13.63
34,3.31,3.41,0.82,18.08,1.85,3.3,0.63,10.68,3.22,3.13,12.83,7.21,0.45,22.32,10.49,4.01,38.03,1.38,3.95,11.19,6.14,5.61,2.62,3.67,3.21,1.43,5.75,4.5,0.08,10.7,3.0,11.57,0.09,4.46,1.29,3.86,0.05,1.71,2.24,6.35,6.26,2.09,2.69,15.45,0.48,5.02,1.2,8.53,2.88,0.03,1.62,0.54,1.75,0.31,0.94,2.13,6.81,2.58,3.75,1.32,5.34,2.73,12.5,0.4,0.12,1.73,4.07,10.28,12.59,0.05,9.86,7.9,19.1,4.27,4.15,1.5,1.2,0.57,0.03,1.89,50.92,1.53,13.73,6.5,1.81,0.72,0.2,7.1,9.38,25.25,34.3,2.76,5.02,0.74,2.85,0.74,7.74,4.03,2.28,0.62,9.06,0.77,2.69,0.85,0.86,2.31,8.89,8.34,10.09,1.62,8.19,0.73,0.29,0.75,0.42,2.59,0.38,0.45,1.18,4.69,1.58,10.88,4.92,1.34,1.66,0.66,8.19,1.85,6.34,1.47,5.04,0.27,5.05,1.64,1.49,1.1,11.87,1.44,2.89,1.32,2.74,5.59,1.62,5.55,23.31,9.98,1.34,4.8,5.77,2.04,0.85,1.4,21.64,21.83,14.29,3.77,3.51,1.64,4.49,0.41,3.78,4.54,2.65,11.08,1.3,1.41,6.9,1.18,4.66,1.72,6.28
35,38.76,17.04,0.3,9.88,10.97,2.09,17.0,3.42,13.41,36.88,2.2,2.74,4.6,9.91,2.45,6.45,1.64,1.06,0.17,5.36,10.56,7.61,2.15,0.71,0.13,1.37,8.52,14.07,0.98,4.42,3.1,5.83,4.27,0.14,0.76,2.41,1.46,5.06,2.12,3.39,1.73,1.63,12.7,1.27,2.59,4.75,9.66,0.25,3.56,7.76,2.33,5.59,3.22,3.2,0.08,2.64,3.37,3.98,2.52,4.92,2.64,1.12,0.66,6.71,2.63,3.97,6.81,5.75,26.43,0.37,8.13,2.39,4.73,4.95,2.36,19.96,16.58,2.85,9.47,26.37,31.82,2.38,25.16,2.03,3.75,1.31,4.17,10.06,5.58,1.56,1.86,7.45,0.8,4.81,10.95,1.99,3.77,5.2,1.26,3.04,2.43,0.77,1.16,2.9,1.44,2.18,0.09,1.04,4.83,1.0,1.32,3.14,18.05,0.93,0.36,1.72,0.83,4.44,5.93,7.46,4.67,3.88,1.38,3.38,0.13,2.27,0.5,1.87,0.19,6.14,11.13,9.56,6.46,2.68,3.15,0.71,7.41,8.28,18.04,4.89,4.67,30.02,8.37,0.01,16.72,0.12,5.86,6.93,9.92,1.24,16.39,2.86,0.53,23.86
36,0.14,22.4,28.93,12.93,0.53,23.35,7.19,1.15,7.82,14.6,3.23,2.47,0.32,0.13,0.09,9.65,2.01,3.93,3.06,0.35,4.94,2.39,3.72,2.75,2.39,0.72,0.79,2.32,0.04,3.13,5.46,0.95,9.04,0.25,0.85,2.4,4.48,1.4,2.85,2.44,5.31,3.73,0.66,0.24,8.39,2.05,17.94,0.76,4.9,2.32,2.84,1.47,0.64,3.52,4.77,7.97,10.68,3.2,12.07,3.03,3.46,2.97,3.2,0.02,0.65,0.84,22.36,2.13,2.99,0.94,11.37,6.53,3.4,4.26,0.36,3.86,2.74,4.53,3.83,7.78,0.46,10.92,0.26,5.84,2.34,3.35,5.13,1.37,0.82,0.28,6.15,2.9,12.13,2.72,9.34,0.68,15.7,14.21,4.81,11.7,2.49,20.61,1.51,3.11,16.02,2.88,33.63,2.36,3.26,9.56,4.72,0.53,2.52,0.41,0.79,15.02,7.17,1.94,9.36,1.82,4.45,1.41,3.31,4.18,2.23,4.23,0.68,0.05,2.34,6.2,2.94,3.1,11.54,0.5,2.55,0.22,1.63,3.27,2.27,2.27,0.25,1.43,3.69,0.47,0.63,2.66,2.82,1.15,3.0,1.0,3.43,6.93,1.19,9.97,16.14,6.8,23.84,4.2,3.18,0.65,5.1,10.98,13.36,15.15,1.43,2.22,5.37,4.84,0.94,7.63,1.89,7.01,12.55,4.52,0.22,5.56,7.65,0.18,5.47,1.31,5.06
37,20.4,1.01,1.94,5.69,1.49,9.42,8.33,22.75,6.95,7.74,27.67,7.96,6.18,0.35,2.04,5.67,0.84,1.44,1.44,0.29,16.13,4.32,2.02,0.04,6.0,1.5,1.91,7.42,6.23,6.01,8.68,0.61,11.49,0.22,1.7,0.72,1.19,1.78,4.27,7.24,2.5,2.29,5.57,3.12,4.54,2.22,1.53,0.45,0.18,5.8,0.35,0.84,0.87,3.39,7.91,3.38,1.95,0.19,1.0,0.64,1.85,9.88,5.1,8.52,2.91,0.12,0.01,7.22,6.1,3.65,1.73,2.98,2.8,2.13,2.32,0.0,16.76,2.6,0.35,11.18,9.33,7.98,1.85,6.68,4.4,12.86,3.92,3.39,0.98,8.05,20.7,2.8,11.73,11.16,10.99,1.69,26.7,1.38,1.03,9.76,8.39,26.1,6.07,6.6,2.22,18.27,1.13,1.39,1.72,3.11,1.32,4.36,0.95,17.05,0.63,7.8,3.14,1.01,3.96,0.49,1.98,0.31,0.04,11.96,2.04,0.09,4.37,1.99,7.06,0.4,1.47,0.47,3.04,0.17,1.85,1.23,1.26,2.21,4.02,4.82,8.62,1.91,2.79,2.83,4.79,2.64,1.49,2.63,0.15,1.69,1.88,16.27,4.86,0.73,1.39,18.01,5.57,13.0,13.87,8.9,3.14,1.93,4.73,0.36,24.99,2.22,21.75,5.83,25.09,12.91
38,2.29,9.19,6.99,17.53,27.46,7.68,1.37,13.34,9.33,11.67,0.78,8.93,7.31,5.66,1.9,1.63,4.94,2.67,2.22,3.18,1.17,0.63,3.47,2.2,1.14,7.13,9.9,1.04,2.25,4.14,1.26,3.21,0.71,8.18,0.74,0.28,11.01,4.55,13.34,5.97,9.7,2.51,5.14,0.1,0.69,3.87,0.96,0.64,2.66,0.82,6.0,5.23,4.28,1.85,0.3,0.06,3.07,0.96,2.38,1.42,4.7,4.0,1.62,1.53,0.57,2.26,1.11,2.0,0.04,1.33,29.32,0.69,4.68,1.96,4.75,1.95,6.36,1.56,0.88,9.74,6.51,6.98,2.86,6.04,21.2,4.5,5.59,0.21,15.19,1.07,1.13,0.35,5.82,6.17,9.53,9.96,15.57,6.75,13.24,0.81,21.9,2.4,6.85,3.28,5.62,10.38,1.3,6.89,2.32,2.81,3.2,9.86,2.02,0.97,4.93,24.3,3.51,0.86,1.59,0.53,1.3,2.36,0.61,0.15,5.89,0.02,4.59,6.48,2.34,0.75,0.94,2.5,0.36,0.77,6.28,1.91,3.16,0.27,2.51,5.9,1.98,4.66,11.12,3.5,0.97,1.22,2.82,5.77,1.78,0.3,2.34,3.05,11.32,3.37,7.06,10.77,2.28,5.19,0.52,1.6,0.6,0.09,16.46,3.62,0.29,5.5,3.63,9.06,5.27,23.11,33.35,11.31,2.46,4.06,4.95,2.25,3.29,0.12,2.53,12.86,10.6
39,2.0,1.42,17.77,4.0,5.92,11.49,1.48,5.39,7.57,14.26,23.89,6.33,3.97,5.42,3.65,9.21,2.6,1.67,3.74,3.36,0.78,2.01,8.84,0.42,2.85,1.42,0.98,0.79,6.04,2.35,1.34,28.77,15.03,0.89,2.79,0.91,0.95,2.73,0.59,12.36,0.66,8.14,1.86,0.81,0.2,7.47,6.62,12.7,1.28,0.4,0.5,2.81,2.6,0.51,3.62,0.11,1.18,8.27,3.81,0.17,0.82,5.47,7.28,18.97,10.07,9.38,10.4,2.84,6.69,3.39,0.7,13.06,0.27,12.3,2.79,17.79,0.21,6.92,10.49,1.94,7.3,3.1,16.61,8.21,4.87,54.94,8.58,10.97,1.09,4.55,4.87,0.29,3.57,3.55,6.78,4.68,6.41,0.18,6.79,19.04,1.52,3.49,0.73,0.9,1.91,1.17,1.04,2.56,2.43,3.58,2.16,7.15,0.13,1.2,5.59,13.26,1.05,3.19,0.39,0.98,0.29,1.74,2.14,1.37,0.68,1.13,2.83,2.29,1.86,2.75,0.82,1.89,3.75,0.22,1.69,3.83,0.1,1.8,0.96,20.54,1.18,2.39,6.42,2.5,0.62,1.61,17.93,8.57,3.5,3.12,0.22,11.44,1.6,4.9,4.3,4.6,0.87,4.33,3.34,0.16,0.41,0.63,6.51,3.35,2.14,1.3,1.82,1.68,21.0,11.03,8.69,1.18,4.94,13.34,7.85,5.79,0.3,0.9,3.14,1.13,15.87
40,2.83,4.45,14.47,16.68,6.97,2.09,1.21,16.11,7.21,9.0,16.59,5.4,2.63,2.76,0.52,16.61,0.17,4.88,0.13,14.69,0.08,5.71,1.6,1.22,1.73,0.04,4.12,3.52,2.55,2.28,8.11,21.96,5.16,1.76,12.58,12.57,2.2,4.92,3.02,3.58,11.65,2.33,0.83,2.97,2.93,4.35,3.94,1.32,3.04,0.04,1.19,4.88,1.2,0.11,4.34,3.51,0.08,1.42,12.09,4.03,23.6,6.0,2.57,0.67,15.0,3.15,5.84,0.47,6.94,9.93,2.94,12.27,5.14,3.31,15.7,4.93,26.72,21.34,1.75,38.77,22.16,33.74,2.06,1.29,3.36,3.16,1.71,3.21,0.91,1.48,2.85,0.68,3.39,5.85,1.09,7.62,4.91,1.22,3.81,9.3,3.8,0.95,3.99,0.19,2.3,2.04,0.72,1.8,1.93,5.58,2.45,5.27,0.38,1.63,0.32,1.86,0.8,1.12,1.04,7.09,1.53,0.05,5.73,1.54,0.76,2.16,0.65,6.38,0.66,2.27,2.67,1.74,0.49,2.8,4.36,6.05,3.63,0.04,4.89,10.34,8.37,7.39,7.41,2.5,7.98,0.04,28.59,3.41,1.06,0.14,1.28,0.94,8.7,2.96,3.97,0.72,0.72,7.35,12.7,5.77,9.77,12.27,6.77,12.53,24.7
41,2.49,0.57,2.25,50.88,1.53,23.97,3.59,8.19,1.98,0.05,5.22,3.32,12.88,2.12,13.21,1.33,1.54,0.77,5.73,6.45,0.1,3.39,1.94,9.06,9.36,2.49,0.39,2.04,4.79,0.22,4.74,3.41,1.37,0.75,0.69,28.94,0.76,0.92,8.22,1.8,0.47,3.01,3.82,0.11,9.69,5.07,0.62,0.59,6.82,1.28,11.0,0.64,0.83,2.8,0.24,0.05,2.82,0.13,2.15,2.76,1.7,3.51,1.07,0.12,5.42,4.39,2.76,12.01,8.1,6.07,0.07,3.56,1.94,2.09,8.51,3.92,6.12,1.48,1.87,3.12,9.59,10.91,14.9,2.29,8.97,2.59,10.89,4.64,1.08,11.07,0.21,24.81,29.78,5.21,10.34,6.13,7.71,18.31,5.98,4.23,0.68,1.81,14.51,1.44,1.59,4.2,0.14,4.88,3.61,1.93,0.64,0.8,7.47,1.88,8.46,5.07,0.25,0.13,4.08,2.79,9.58,2.14,2.19,4.15,1.83,4.74,0.4,2.03,3.89,1.15,1.01,1.93,1.59,3.13,6.66,6.46,2.35,2.41,1.87,6.78,7.84,0.88,8.17,1.73,16.1,0.92,9.38,2.95,3.3,2.07,7.71,28.42,4.59,9.4,2.48,1.17,5.51,3.0,2.81,2.39,1.2,44.2,5.4,4.18,3.56,0.37,3.11,0.96,4.26,2.3,15.35,0.68,15.14
42,10.02,6.17,1.38,3.08,1.57,6.78,13.0,9.93,25.52,1.23,13.23,1.21,14.86,12.79,1.41,9.43,6.17,6.8,2.05,0.62,0.68,2.61,15.67,5.67,2.42,10.36,0.93,0.95,9.49,18.33,0.88,10.37,0.4,2.43,1.98,13.85,0.54,8.37,0.78,0.04,3.71,3.64,0.39,0.57,10.71,0.61,3.47,3.0,4.65,0.02,0.32,0.74,1.62,7.81,6.87,5.23,1.77,4.25,3.5,1.04,2.92,1.14,7.79,1.22,5.18,5.32,4.49,9.18,0.26,1.76,1.25,5.92,10.82,14.5,1.39,3.19,9.52,2.63,6.91,14.35,3.26,0.2,19.66,7.13,11.38,2.46,20.03,21.23,22.95,8.07,5.39,1.06,6.93,0.94,6.97,0.04,2.73,7.88,1.71,3.56,7.02,0.9,1.95,4.32,1.53,6.38,3.43,3.6,0.93,0.53,0.08,2.86,1.48,3.6,2.48,3.94,0.57,9.41,0.57,1.63,1.53,0.67,3.88,7.16,12.91,2.38,0.68,0.38,0.63,0.11,0.81,0.49,11.88,2.45,0.35,7.12,0.71,0.22,3.53,8.9,0.51,0.02,1.82,0.93,2.82,2.66,2.46,1.85,3.01,13.09,3.54,0.22,2.18,10.72,1.81,0.04,5.46,2.7,9.05,9.0,3.19,6.81,6.01,1.4,4.82,2.91,11.32,12.03,0.88,2.42,5.54,2.97,7.73,5.97,0.27,2.18,15.3,5.98,0.69,2.4,8.77,14.61
43,23.77,7.87,3.75,6.27,5.33,28.96,4.75,7.57,17.95,10.9,12.93,15.76,5.72,1.08,2.67,1.27,7.95,0.56,10.66,0.8,1.22,6.35,9.11,4.45,6.37,1.27,4.01,6.45,1.57,0.59,13.5,1.4,4.04,0.41,6.83,0.6,2.91,1.3,2.32,6.13,0.24,1.39,3.96,1.67,2.08,2.14,5.23,0.46,4.8,10.36,2.6,1.07,1.26,2.52,2.17,0.8,5.08,2.66,0.36,1.31,3.87,6.73,7.91,4.55,1.58,6.07,10.92,3.49,0.49,4.26,0.09,1.87,10.64,7.14,19.49,3.43,8.24,4.41,1.27,2.99,10.22,21.49,6.26,58.01,7.32,43.7,2.24,3.19,1.68,4.62,1.31,3.44,2.12,2.99,2.8,1.83,1.68,11.93,4.89,1.87,0.78,2.18,0.39,0.6,3.36,1.17,0.26,1.0,6.96,0.33,12.63,3.21,2.99,5.9,0.33,0.68,3.08,0.09,0.78,0.92,0.05,1.61,0.16,1.71,1.8,3.04,1.26,2.23,3.99,2.0,21.15,2.8,0.68,0.19,1.96,0.12,8.73,1.87,0.08,2.48,1.03,6.83,28.53,0.32,9.81,5.37,25.81,0.7,4.11,1.82,44.24,0.37,2.34,5.04,35.66,1.98,7.41,11.44
44,8.8,10.01,25.19,1.18,2.47,16.97,1.75,18.0,2.95,3.77,15.34,25.93,1.02,0.16,6.21,0.65,1.62,6.99,3.95,1.05,7.26,2.43,2.14,2.01,2.74,1.53,9.47,0.31,12.53,6.79,12.81,3.29,16.39,2.45,9.71,7.93,1.45,0.1,0.58,3.12,4.43,0.9,4.39,1.71,3.25,0.01,4.16,1.13,0.15,0.35,0.16,0.32,0.84,0.32,7.93,7.19,9.89,0.51,3.38,2.29,1.66,9.69,1.16,5.97,4.56,0.08,24.41,6.25,8.76,3.38,4.56,8.52,7.58,8.9,1.0,0.68,6.36,0.43,10.64,15.42,0.78,1.8,0.2,4.14,9.17,10.6,9.11,4.84,7.27,1.54,30.92,16.49,9.56,0.43,2.62,9.36,0.5,1.28,0.56,6.9,0.92,2.08,0.19,6.61,2.75,1.42,9.58,5.59,13.77,0.03,2.34,0.8,2.72,0.59,0.28,0.64,0.22,2.46,3.98,2.0,3.27,0.59,1.21,1.96,1.21,0.53,0.83,1.35,3.01,5.33,2.84,2.01,4.35,0.6,1.19,3.72,2.58,1.19,4.62,1.87,0.83,2.57,1.4,0.52,3.12,2.16,0.55,0.94,0.22,0.14,2.47,0.66,2.05,6.0,0.89,4.74,4.79,0.69,0.39,0.34,2.17,0.53,1.26,16.63,3.19,2.84,8.96,2.83,3.88,0.12,2.34,12.52,24.3,2.76,0.7,1.26,0.76,9.02,8.16,31.04,10.88,1.81,1.7,0.26,1.07,1.49,13.3,19.7,0.67,5.67
45,8.95,37.88,22.64,34.67,7.07,1.88,4.56,0.17,3.29,0.44,2.65,1.84,2.8,4.45,2.95,3.82,1.52,12.13,3.31,0.02,3.04,4.39,2.18,2.4,12.72,0.23,5.15,0.49,18.47,2.76,0.65,10.48,1.05,3.36,4.26,7.35,8.73,0.45,5.94,0.46,0.92,0.18,4.03,7.35,0.33,5.77,1.35,0.22,5.6,0.52,1.55,2.72,0.7,0.56,6.53,0.74,2.11,2.67,4.21,7.92,1.45,24.62,12.47,0.04,1.31,9.92,1.14,27.29,0.6,17.61,28.92,12.38,3.52,9.71,3.1,6.93,26.38,14.05,9.23,10.7,7.95,5.74,8.62,5.95,1.18,3.41,2.21,0.93,9.92,0.2,3.8,4.41,9.92,1.77,0.87,4.61,7.08,5.01,10.03,1.8,7.62,1.86,0.94,0.27,4.85,0.08,4.31,1.8,0.9,0.81,3.21,2.94,2.02,10.1,10.68,2.21,1.74,1.2,9.41,2.71,0.44,0.58,2.8,0.15,1.7,1.31,0.48,7.86,4.57,1.33,1.3,0.81,4.4,0.93,5.99,7.24,1.14,0.33,8.48,13.38,18.77,8.3,0.22,9.76,0.56,0.07,1.64,4.8,12.86,0.42,1.84,13.88,18.2,1.67,2.67,0.26,3.57,0.81,5.38,3.83,4.7,4.07,3.83,27.52
46,12.99,23.78,2.67,9.68,0.14,9.35,10.37,9.56,0.48,12.25,11.51,1.35,2.97,19.68,0.13,21.11,0.06,0.04,1.49,2.15,6.82,5.36,0.87,4.06,9.81,0.19,1.38,7.59,1.44,0.56,1.76,4.25,0.88,4.23,0.53,2.83,14.21,14.37,10.32,2.42,1.1,0.19,14.69,0.58,1.2,6.13,3.81,5.05,0.95,2.21,3.17,5.97,0.08,5.7,1.38,0.67,5.73,9.09,2.24,0.45,15.46,4.18,12.76,0.78,0.99,0.71,3.51,1.76,2.14,4.98,1.97,6.18,3.24,3.02,15.08,5.05,4.71,4.55,10.15,9.51,6.95,11.33,6.0,12.49,13.0,14.38,7.66,13.29,0.88,2.49,4.05,2.6,1.99,15.85,9.5,3.89,1.16,13.05,1.19,1.72,1.09,7.18,0.26,3.13,3.93,9.84,2.93,3.43,1.84,2.27,0.06,1.73,1.06,0.09,1.56,2.4,3.58,1.88,2.1,6.72,7.63,4.08,0.19,7.21,0.62,0.19,2.19,2.21,1.04,0.83,2.47,4.53,2.58,3.05,2.09,0.89,14.0,1.19,5.26,5.44,1.34,1.65,6.05,5.18,0.3,4.29,2.66,9.69,6.49,4.34,7.8,17.25,6.01,0.91,0.85,3.28,0.96,2.37,7.8,1.17,9.2,17.11,11.22,3.49,6.85,7.38,1.31,0.76,5.77,0.04,0.58,2.55,4.67,2.06,0.99,17.74,13.86,0.14,2.87,3.34,0.92,1.18,15.52
47,1.19,22.35,4.09,4.75,0.24,3.49,2.03,12.39,21.93,12.76,15.65,0.04,0.2,10.06,1.27,8.76,1.98,6.0,0.89,7.69,7.84,0.88,8.31,0.31,8.03,0.07,10.86,3.65,14.3,2.12,13.02,12.87,4.51,0.91,5.71,1.93,2.13,3.64,0.0,10.26,8.09,4.09,1.24,7.81,0.12,11.32,0.82,5.72,5.37,3.83,3.04,1.47,2.21,3.17,7.8,0.28,9.45,4.23,1.94,3.6,4.72,4.2,2.35,1.1,10.2,19.31,2.6,16.43,4.44,4.64,1.15,7.5,6.41,18.85,7.08,3.64,4.51,1.93,13.53,1.68,5.81,6.1,10.32,2.46,0.67,42.24,25.13,4.03,2.94,1.51,14.31,9.6,3.7,0.03,0.73,1.25,4.18,4.77,0.49,6.73,8.39,8.25,0.57,1.56,1.22,1.74,1.8,2.01,3.55,4.72,4.96,2.55,6.32,3.31,0.74,4.07,0.48,0.9,1.64,9.96,0.53,6.94,5.21,1.17,1.41,0.83,2.37,0.7,2.47,3.34,2.82,2.09,1.43,0.7,2.42,1.18,15.75,7.28,2.37,2.19,1.01,14.08,7.23,3.75,1.5,5.07,1.06,3.38,11.56,19.78,4.95,2.12,1.3,7.0,9.64,2.17,12.48,2.4,4.49,15.55,0.92,5.61,10.79,12.68
48,4.16,0.58,11.9,3.21,13.38,3.12,1.34,11.34,6.41,22.77,5.44,23.57,29.74,0.89,0.37,2.04,1.79,1.68,12.76,13.38,7.99,0.11,0.06,2.87,2.39,14.0,0.2,0.47,3.74,6.13,6.14,0.96,5.42,3.47,0.13,12.53,8.11,5.26,0.03,6.21,4.6,0.49,1.44,6.7,1.33,2.09,1.78,6.93,0.15,1.01,0.97,6.03,0.02,2.84,0.06,0.2,9.23,3.6,10.76,5.12,0.53,1.21,11.41,5.58,0.4,2.55,0.82,5.46,2.05,6.95,6.33,4.16,2.55,3.07,2.5,4.04,5.22,3.5,6.21,8.03,0.41,7.82,7.55,0.86,35.22,1.11,21.39,8.49,4.33,4.69,24.84,17.7,35.64,2.72,5.42,1.59,0.74,8.27,0.39,13.38,0.1,1.35,1.28,1.59,2.01,11.39,0.63,0.07,2.91,1.41,0.28,1.73,3.68,4.54,0.38,6.38,1.65,0.29,1.49,2.95,8.28,3.39,3.28,1.99,3.71,0.01,0.13,7.62,1.59,0.88,4.49,1.35,3.54,0.13,5.42,0.15,1.33,0.4,0.94,4.11,0.95,0.7,0.11,3.83,0.83,0.6,0.47,2.7,1.68,0.62,0.6,4.11,0.31,6.56,7.38,7.51,3.64,0.09,0.3,1.88,1.92,28.12,12.16,10.92,5.36,3.92,7.99,2.99,18.77,1.7,9.34,4.05,15.13,23.33,1.35,10.99
49,6.38,4.33,0.68,2.03,8.1,1.17,14.06,18.15,2.78,0.95,15.05,5.34,0.5,5.55,27.93,0.62,7.51,0.37,14.82,6.77,3.9,3.43,3.71,2.67,3.84,3.04,12.32,5.33,3.56,1.71,7.74,0.34,13.96,11.5,1.1,6.49,3.49,1.97,0.55,5.64,11.57,2.28,1.63,5.55,1.06,3.19,4.02,0.93,1.89,3.14,1.17,5.5,0.91,3.38,1.84,1.31,3.58,0.48,1.84,9.0,1.75,0.39,4.0,3.26,7.0,5.43,4.96,0.8,14.5,0.28,0.58,6.89,20.15,13.94,20.97,3.54,1.7,8.33,3.92,6.84,0.69,8.18,1.07,18.96,9.38,7.87,3.7,0.81,1.36,22.73,8.6,14.98,14.24,1.05,4.26,2.32,2.16,4.1,5.2,17.72,10.07,7.85,0.75,0.96,0.35,3.02,0.38,0.53,1.44,9.74,0.32,16.1,0.95,0.43,2.13,3.95,0.99,0.34,2.35,0.94,5.14,5.8,3.05,0.39,4.33,0.29,1.48,1.74,1.75,1.68,0.41,0.7,3.81,0.67,0.37,1.45,0.23,4.08,3.61,1.56,2.09,0.85,7.75,7.25,4.87,5.07,2.66,0.2,3.52,0.31,24.13,1.6,2.59,10.09,5.72,6.03,8.87,13.22,1.85,2.91,3.22,8.75,5.8,12.13,12.59,9.47,0.05,4.89,2.97,2.18,6.96,4.98,26.53
50,0.74,8.58,23.7,5.02,2.78,7.34,0.93,3.65,2.83,40.22,10.2,18.11,4.94,0.16,4.49,3.62,0.25,6.23,4.12,4.9,1.18,2.26,1.07,0.98,2.39,7.1,2.63,7.31,17.8,5.84,5.34,7.6,4.25,10.48,11.27,2.56,2.73,1.41,5.1,0.78,1.47,2.09,11.33,15.61,0.7,3.72,3.53,1.56,0.73,2.16,2.53,0.06,1.49,4.4,0.48,4.09,1.35,4.55,1.67,0.65,14.21,0.42,2.96,2.61,0.26,9.49,14.9,3.93,11.18,13.14,5.3,15.54,14.97,5.07,4.96,18.31,4.23,9.74,36.12,3.6,9.22,25.42,3.69,4.5,2.44,2.36,4.34,0.64,0.94,0.47,2.58,0.82,0.53,1.44,7.09,0.92,12.03,1.21,3.3,5.27,3.44,14.17,8.1,2.71,2.67,3.98,2.39,2.52,0.61,3.8,0.28,4.94,4.71,0.97,6.57,2.36,1.11,9.21,9.53,3.29,1.32,4.77,5.56,0.26,1.28,0.84,6.19,0.13,1.05,1.81,0.12,3.92,3.84,1.55,1.72,5.86,2.61,0.27,6.48,7.54,7.31,15.2,1.09,4.09,1.93,1.18,6.1,8.27,6.0,13.59,3.91,6.86,4.37,7.67,5.82,1.63,5.93,1.68,1.88,17.99,3.46,3.79,2.19,4.65,3.32,2.64,7.6,8.97
51,5.66,0.98,3.04,17.02,3.65,2.42,8.53,1.2,0.12,0.64,2.29,1.86,12.08,1.28,0.33,16.76,4.18,2.34,0.74,3.1,13.89,0.12,10.91,12.68,1.01,8.55,7.19,8.13,5.54,0.64,0.62,4.62,0.62,3.07,1.02,6.49,0.79,0.04,2.08,9.11,6.15,3.95,7.73,4.04,12.38,0.22,1.04,6.77,0.36,1.46,15.39,12.63,1.12,0.96,5.36,0.17,5.56,2.47,3.81,0.67,6.75,3.48,0.27,3.19,12.67,5.42,6.26,2.29,2.25,10.89,0.9,7.56,3.65,2.75,2.12,2.47,9.68,10.56,1.35,2.38,4.19,4.35,1.25,11.74,0.28,14.61,15.29,0.52,4.72,17.96,1.09,2.7,8.3,12.18,9.09,19.5,5.3,44.08,0.99,9.76,0.72,0.02,15.17,0.62,4.46,6.66,3.23,24.18,3.69,0.01,0.0,1.45,3.34,3.17,2.8,6.5,0.34,7.05,3.08,1.02,5.34,5.76,3.34,4.86,0.55,2.52,0.99,5.93,1.09,0.88,0.52,1.97,6.28,0.74,0.07,0.77,1.11,0.9,2.02,3.9,5.94,3.3,1.09,2.22,1.33,8.67,0.14,4.58,18.41,8.9,1.77,4.5,0.04,0.44,7.09,5.85,6.96,4.35,3.46,6.03,0.11,7.33,2.95,0.97,3.71,5.43,8.71,10.54,3.16,13.43,2.65,3.24,1.96,1.99,12.32,11.52,18.24
52,1.83,27.94,10.73,9.17,18.01,5.67,2.71,4.94,6.21,8.37,18.34,6.86,1.36,0.32,1.49,13.2,5.14,2.9,1.17,9.42,1.48,0.03,1.73,0.17,2.65,12.38,0.1,0.88,8.34,1.8,4.56,7.52,2.42,5.29,4.94,0.42,3.04,1.19,15.5,3.94,4.42,18.08,4.42,4.47,0.87,2.74,0.19,0.29,0.21,2.18,1.52,2.31,0.89,2.31,0.06,3.02,0.39,1.97,2.2,0.01,0.14,5.19,1.84,1.02,0.66,0.16,9.41,3.35,2.77,4.1,1.13,0.27,3.36,3.16,4.55,1.23,9.78,11.15,0.08,1.84,8.64,1.6,5.92,0.84,0.3,1.29,0.81,0.92,0.36,8.7,6.93,2.47,22.21,5.02,0.4,0.49,2.41,7.61,12.74,10.85,52.97,3.11,6.6,5.0,15.26,6.73,4.63,1.97,9.22,0.2,5.46,2.94,0.14,1.29,17.45,3.64,0.92,1.71,12.67,2.82,0.36,0.42,11.32,1.25,8.85,1.37,6.64,1.89,3.83,3.21,0.47,1.87,0.22,0.87,4.72,1.53,1.36,4.57,1.75,1.28,1.5,2.0,0.3,1.45,3.96,7.15,10.67,1.49,13.21,0.31,15.38,1.58,3.32,2.69,19.33,0.22,1.79,1.79,1.92,4.36,30.62,3.23,23.37,2.23,15.71,6.13,1.08,3.83,10.65,4.33,1.91,2.18,0.64,1.1,5.62,1.66,1.28,0.76,2.83,0.46,2.53,8.34,12.32
53,20.22,38.61,18.25,3.52,0.59,16.26,20.47,17.01,0.82,1.21,8.41,0.07,4.13,5.75,2.38,1.57,1.41,3.06,3.41,4.68,11.01,12.5,10.45,3.58,1.53,4.89,0.62,0.14,3.6,8.04,2.14,1.49,7.73,7.82,2.88,0.2,7.37,3.53,1.71,3.22,2.0,0.05,0.37,3.09,2.45,3.15,0.68,0.45,0.48,5.34,2.88,3.5,5.09,8.08,1.27,0.93,0.73,3.23,1.55,4.03,6.91,0.05,12.39,3.19,5.21,11.15,10.47,6.2,10.28,5.33,1.93,59.69,0.19,7.7,8.48,3.23,38.98,6.17,27.8,6.16,1.68,5.81,3.28,11.11,5.24,1.53,0.99,3.42,14.15,7.33,5.44,2.36,0.01,2.17,3.74,0.72,0.42,9.6,10.51,12.8,4.28,0.07,1.04,0.14,2.78,3.25,3.65,2.86,2.12,0.32,1.09,2.47,1.84,6.71,1.2,0.84,3.61,0.16,4.78,0.13,0.48,3.32,7.4,1.38,3.17,0.5,1.59,0.09,3.97,1.81,0.93,0.54,1.88,1.66,6.94,1.07,2.08,1.69,6.58,5.21,0.62,5.31,0.36,6.1,6.11,11.86,42.26,2.67,16.1,10.63,2.29,1.82,1.9,0.22,5.2,4.04,3.05,2.68,1.52,13.55,9.41,6.42,7.0
54,14.67,22.22,6.78,10.72,4.19,3.33,5.2,6.2,4.07,4.41,11.24,2.0,2.89,12.46,11.93,2.29,10.77,0.52,6.45,2.9,4.58,0.13,6.2,18.86,4.33,0.39,3.44,5.11,7.74,19.72,1.25,9.87,0.57,1.8,9.76,2.3,4.91,3.34,3.95,0.5,2.4,6.88,4.09,1.75,1.6,0.08,1.96,6.59,0.49,0.43,3.21,0.34,3.7,0.0,0.15,2.37,0.34,2.66,0.8,0.75,2.21,0.66,10.08,0.93,4.04,0.86,9.5,1.72,11.66,1.36,0.74,0.05,1.23,3.64,7.83,19.3,1.2,0.3,0.45,2.99,3.95,14.9,19.15,9.83,35.86,9.05,7.76,4.65,1.28,5.86,22.71,2.33,1.24,1.68,44.54,1.93,0.83,4.3,3.12,4.46,5.27,4.27,0.24,5.73,2.44,4.61,3.77,1.67,0.21,3.2,4.66,0.26,1.3,1.25,9.02,0.12,4.34,0.2,0.45,2.97,5.8,3.08,1.24,2.8,3.81,1.09,0.94,0.66,3.15,0.14,11.52,1.17,4.23,8.81,2.83,9.94,0.72,3.51,20.07,1.8,0.32,1.03,10.29,12.28,0.56,13.9,11.38,42.02,0.49,16.86,18.92,3.62,9.42,4.96,12.81,16.57,3.68,1.05,27.4
55,0.77,3.81,10.25,10.22,23.19,2.32,0.26,4.08,0.29,24.85,1.57,21.15,12.46,4.58,6.21,4.98,0.49,1.48,8.69,3.17,1.17,4.54,1.13,4.16,0.43,0.18,2.96,0.63,11.07,0.55,3.33,0.58,5.34,26.77,15.47,1.23,2.29,3.25,5.91,7.1,1.02,2.79,6.15,4.94,4.2,0.75,2.43,3.27,1.26,2.0,1.48,4.06,1.96,1.04,0.51,8.41,5.68,4.4,6.2,18.03,9.09,4.43,1.31,7.55,0.98,0.34,3.53,0.21,0.93,7.27,2.36,17.02,5.68,19.65,14.16,4.22,2.76,4.29,2.06,0.59,3.1,0.74,9.17,3.56,26.83,8.56,39.17,5.73,17.13,6.08,14.14,6.46,2.09,3.31,7.72,2.72,0.66,1.55,2.4,1.6,4.22,11.25,5.33,9.49,2.56,1.98,1.92,1.54,3.65,5.89,0.99,2.26,3.17,1.92,4.09,0.78,2.7,2.28,2.25,2.99,1.61,8.27,2.23,0.69,7.8,3.94,0.97,0.82,1.0,2.21,1.85,0.23,3.27,1.66,1.93,0.13,0.03,0.57,1.49,3.61,0.73,12.43,1.49,7.29,3.95,0.65,0.79,11.05,43.02,3.31,0.21,4.41,2.01,2.98,3.22,7.95,1.16,4.69,1.5,2.31,3.03,2.45,9.96,0.14,17.97,0.01,26.26,5.23,6.74,8.53
56,4.5,2.59,9.53,5.68,13.31,1.41,1.43,1.66,3.31,4.34,12.12,10.16,10.45,2.46,12.64,11.45,16.36,0.63,11.33,2.45,7.48,4.74,4.01,5.72,0.08,1.43,6.56,4.11,4.7,2.3,2.45,0.88,17.91,0.99,1.07,1.4,9.38,4.0,11.87,1.14,1.32,4.13,12.18,1.45,9.8,1.38,2.01,0.37,0.93,0.61,3.2,1.22,19.83,1.03,13.62,6.25,0.52,3.05,0.53,12.28,3.54,4.19,5.25,2.59,12.65,1.9,5.35,0.96,7.87,18.77,0.52,2.71,3.53,18.45,7.08,1.53,16.47,1.19,0.64,4.26,10.53,5.32,3.59,5.38,4.41,2.31,7.55,4.39,1.44,7.72,6.17,2.11,10.59,0.78,0.26,18.52,5.93,1.86,3.75,4.72,4.87,14.33,4.61,6.8,2.57,2.0,1.68,2.76,0.03,9.38,0.06,3.42,8.65,2.6,3.34,1.79,0.97,0.78,0.08,2.29,2.09,1.5,0.12,4.99,5.98,3.49,0.4,2.39,2.53,2.97,0.75,0.47,2.64,1.99,1.98,1.11,2.67,5.86,2.87,1.9,0.32,0.14,0.17,1.37,2.77,1.07,0.21,0.15,4.95,4.04,0.12,1.45,2.87,0.75,2.01,1.12,3.19,5.38,0.1,0.14,3.08,5.91,1.17,0.77,3.09,6.26,22.56,4.22,28.61,10.39,4.75,10.54,0.68,3.67,2.29,9.8,4.12,0.09,4.55,12.49,1.45,2.38,19.86,5.67,5.43,15.46,3.19,4.08
57,0.23,0.99,26.59,12.53,3.09,24.21,6.33,10.62,4.12,4.4,1.2,1.98,39.93,5.41,4.24,0.28,3.02,7.2,3.11,3.03,10.76,2.21,4.68,1.91,5.92,2.44,0.95,5.71,20.86,8.27,3.17,4.35,0.81,0.3,4.21,0.9,0.49,0.15,5.49,0.38,1.31,0.95,1.97,6.66,3.05,18.45,5.26,6.04,5.17,2.47,1.43,3.54,9.75,12.09,4.12,1.66,7.31,5.7,3.26,14.82,17.78,3.0,1.93,7.42,9.42,7.66,0.07,3.66,2.54,2.86,1.55,6.08,1.98,8.54,0.37,3.39,29.36,16.53,4.58,10.15,13.54,14.76,10.19,6.8,4.49,1.52,7.04,3.79,0.65,4.23,7.85,1.56,0.41,3.2,4.2,0.48,4.57,2.53,0.46,5.32,3.74,9.03,5.82,0.28,1.7,1.88,2.39,7.5,1.76,2.84,3.29,3.19,2.66,4.87,2.08,3.19,1.92,0.31,0.84,10.6,2.53,3.02,6.5,1.24,2.48,1.02,2.14,0.63,0.41,0.56,0.03,8.05,0.77,1.95,0.16,1.96,2.44,0.57,0.9,24.94,7.59,34.08,6.29,0.27,23.06,10.12,2.77,11.13,6.84,1.22,3.72,3.25,3.29,6.42,1.16,3.26,18.87,12.25,9.85,9.18
58,7.29,0.37,7.33,17.56,13.02,5.51,7.4,5.37,18.05,10.42,4.92,3.68,4.57,3.73,19.3,5.61,6.43,0.44,7.38,1.04,0.94,1.86,0.78,6.2,1.58,0.17,7.83,2.25,0.29,3.23,6.59,16.77,6.21,3.3,1.19,9.3,3.27,2.79,3.22,23.19,1.97,1.41,0.61,3.28,3.63,0.07,0.77,1.4,1.73,13.56,1.12,0.22,1.07,2.41,0.23,8.02,0.58,3.26,0.24,2.05,0.41,1.76,2.9,4.53,3.14,0.86,5.12,2.46,4.33,0.4,1.91,7.95,18.17,4.48,2.22,9.0,1.37,2.93,3.26,0.29,13.27,0.95,7.62,12.22,8.7,2.76,7.33,2.08,1.48,52.84,27.99,3.96,6.74,1.91,28.55,0.24,1.55,6.3,5.02,0.13,3.01,3.65,8.85,1.85,1.74,0.37,1.62,7.31,4.5,5.85,2.4,0.63,2.32,1.72,0.17,5.16,2.09,1.85,1.59,10.23,2.42,5.68,0.33,2.31,0.78,0.96,0.03,5.43,0.36,2.91,0.58,2.12,2.02,1.15,7.04,3.93,9.1,3.72,4.87,6.76,1.48,2.05,5.24,0.53,0.54,5.09,2.11,6.71,4.92,0.57,7.86,6.45,1.36,1.63,5.21,11.84,9.28,7.03,4.86,6.65,16.29,19.81,7.32,1.58,3.82,6.31,11.26,17.61,21.66,1.1,3.6,18.23
59,1.07,1.93,10.33,5.75,12.01,16.67,10.02,18.92,3.93,5.57,22.1,37.72,2.92,0.23,21.21,3.55,1.82,1.48,4.48,4.91,6.43,1.69,0.45,3.76,3.61,7.0,9.55,2.77,6.23,1.04,7.04,3.05,11.38,1.74,0.72,5.65,0.14,1.22,2.15,0.52,6.17,1.4,2.03,2.94,12.0,1.81,3.27,6.98,0.97,5.72,20.79,4.79,1.35,6.96,1.23,6.52,5.06,3.6,0.45,11.16,1.4,2.82,2.31,4.2,8.65,5.93,9.32,5.98,7.73,6.57,41.18,0.87,1.22,3.13,8.7,3.7,11.66,11.41,9.03,9.75,7.44,14.67,3.73,10.13,1.91,4.38,4.76,7.65,1.21,1.55,12.28,0.57,1.97,4.34,6.36,3.32,2.13,0.94,5.71,1.28,2.35,0.87,7.47,4.38,0.17,3.11,3.95,5.65,1.33,6.04,2.91,5.73,0.56,1.41,7.71,0.37,0.58,2.19,0.69,0.28,3.83,1.38,0.17,0.82,0.0,1.41,2.7,1.84,3.24,4.83,1.2,1.31,2.87,9.31,0.7,8.53,11.57,27.26,4.99,0.84,3.8,8.94,0.92,2.06,1.16,2.65,3.53,2.94,5.96,7.02,13.26,3.9,11.71,1.81,1.17,0.33,3.8,1.55,7.23,1.78,6.75,7.23,0.42,1.9,2.17,0.33,4.92,1.13,13.43,2.36,11.1
60,24.63,17.08,9.74,11.69,1.73,2.59,38.87,42.44,0.78,0.77,7.67,8.31,1.59,1.66,3.51,2.03,21.27,1.24,4.91,4.53,0.14,0.93,17.03,5.19,8.71,13.63,7.7,0.9,1.52,5.79,2.23,1.63,0.8,10.3,6.25,0.05,6.14,3.96,1.03,5.03,4.96,0.17,2.85,0.28,0.54,10.77,0.52,9.99,12.94,4.16,0.78,0.9,9.44,8.82,2.58,11.69,31.12,1.61,1.22,9.8,14.26,2.03,0.22,16.42,1.79,12.01,10.33,8.5,1.23,11.11,0.62,10.75,27.97,2.17,2.39,4.52,4.41,14.69,4.92,15.56,13.42,2.07,0.21,5.36,1.51,2.87,2.17,1.14,0.26,3.46,0.89,0.63,18.28,3.19,3.91,3.85,5.07,0.5,1.77,0.27,4.62,2.62,1.74,3.55,4.44,1.25,6.54,3.12,1.39,5.68,2.09,8.65,5.64,6.51,1.7,6.79,4.29,8.59,2.81,2.18,2.59,10.64,1.09,8.19,2.67,5.64,14.68,1.3,1.37,12.25,11.91,9.14,6.59,6.72,4.83,9.0,1.69,2.69,20.17,17.97
61,1.19,2.88,20.61,5.45,3.17,4.86,5.17,13.78,8.6,28.52,13.36,3.84,3.63,23.12,1.26,1.95,7.53,10.89,1.41,5.1,6.72,6.83,0.75,8.62,0.43,1.95,0.53,0.23,4.87,4.1,4.61,4.07,0.89,6.7,7.54,4.28,9.13,1.34,5.19,2.49,0.4,1.22,4.75,0.53,5.12,1.84,10.5,7.73,2.77,0.72,3.51,1.36,5.32,0.68,3.15,2.54,3.06,1.03,1.88,2.26,3.89,5.63,1.8,14.18,3.74,1.03,5.01,2.64,9.27,12.7,0.49,0.51,11.07,7.12,1.56,11.86,4.73,0.32,8.42,0.08,1.21,2.55,0.03,9.23,8.66,14.09,1.58,4.99,29.45,1.83,12.17,6.54,20.92,2.66,7.51,35.62,7.02,6.55,7.8,1.43,5.2,3.94,6.44,0.0,1.71,0.11,16.53,0.25,1.66,0.21,2.84,0.65,0.24,6.32,7.88,2.44,10.56,2.99,0.51,2.16,2.63,2.68,0.44,2.59,8.06,0.92,8.17,3.75,4.04,2.64,2.23,1.8,0.26,0.94,1.65,0.55,1.88,0.77,0.59,0.27,5.26,13.23,3.95,5.0,1.31,0.48,5.46,9.45,0.36,3.98,2.38,17.66,12.33,1.78,5.13,4.34,17.42,22.38,6.11,5.52,0.19,4.54,3.02,2.86,11.71,1.36,3.46,8.87,13.7
62,10.32,3.69,4.38,25.21,18.57,12.48,3.35,1.52,1.12,10.11,14.01,2.29,7.18,5.94,8.67,4.82,0.54,4.64,0.63,5.93,1.13,10.01,0.8,1.34,5.69,2.78,0.85,4.39,10.36,7.33,1.06,3.26,4.92,3.32,9.15,21.1,1.66,6.29,6.46,4.04,6.02,8.05,1.12,6.37,2.58,4.28,2.71,0.85,0.43,5.55,0.2,2.75,0.05,0.09,1.78,0.65,3.02,0.3,0.72,2.15,4.47,4.64,0.47,3.37,10.57,2.16,1.29,2.46,13.07,6.83,10.43,4.37,2.52,0.42,4.05,0.05,5.57,11.39,0.47,1.59,1.59,7.15,2.19,10.69,5.51,3.2,1.0,47.35,14.11,44.27,6.03,1.75,9.94,2.42,2.43,6.88,9.94,0.42,6.21,3.69,7.2,1.74,3.68,4.83,0.76,1.18,1.83,14.14,1.22,1.13,0.61,5.05,6.79,4.38,0.57,3.66,2.96,3.73,2.08,11.06,1.44,1.11,1.38,1.18,0.26,2.76,6.29,2.35,0.48,0.27,0.67,0.27,0.68,4.13,5.33,1.43,1.38,3.37,0.58,0.66,13.34,0.1,4.8,2.55,0.87,0.45,4.67,0.53,0.57,0.13,2.39,12.47,24.41,6.44,14.11,10.65,9.88,3.09,9.25,7.12,1.59,3.14,8.01,9.82,18.81,3.84,6.03,3.12,2.0,0.17,4.73,9.48,15.13
63,15.61,8.59,3.85,1.37,7.21,11.44,23.56,0.68,5.49,1.99,50.26,1.43,7.1,7.76,9.82,1.4,0.33,0.5,1.79,1.77,1.63,4.65,2.59,0.66,11.56,0.42,7.03,12.26,2.95,13.88,3.24,0.61,3.6,0.82,14.36,0.3,10.52,0.97,2.5,5.08,0.75,1.35,1.37,2.87,4.57,2.56,0.29,1.66,1.23,0.78,5.15,0.82,6.27,0.18,1.02,5.36,2.14,2.95,8.88,3.26,1.18,2.73,14.24,2.97,0.09,4.35,2.8,3.58,0.26,9.08,2.05,7.52,2.76,21.04,5.9,3.88,6.74,2.28,2.13,0.05,2.74,1.62,2.94,3.94,7.73,8.96,15.96,0.17,2.27,0.17,1.13,24.48,10.45,20.54,4.94,7.54,0.61,0.01,3.47,21.17,3.21,4.11,5.03,2.76,2.41,3.31,0.28,1.73,6.13,2.07,9.79,1.85,5.99,2.47,3.98,2.15,1.47,1.13,0.8,1.77,0.27,2.03,3.04,1.12,0.99,0.16,1.94,9.86,9.04,3.8,0.15,3.17,0.82,3.45,0.89,8.23,0.77,11.41,2.26,6.63,0.98,3.33,0.05,2.74,1.52,2.66,5.93,1.09,1.1,4.73,4.27,2.01,1.0,4.44,0.44,11.02,1.17,5.57,1.23,5.64,5.14,24.53,2.18,9.89,7.82,14.72,1.99,0.94,1.15,14.18,3.96,0.78,2.54,0.34,5.12,20.61,16.37,31.49
64,12.82,4.12,3.63,4.11,11.87,5.05,0.54,8.29,10.02,3.97,10.62,1.55,20.01,3.66,16.08,1.99,0.8,22.74,2.6,13.84,0.11,5.85,5.24,4.03,0.1,12.73,0.99,5.0,2.03,4.41,3.05,10.16,1.67,1.42,6.08,2.71,0.36,0.54,2.46,3.88,17.16,1.32,5.18,2.94,2.32,1.07,0.18,1.19,1.93,0.0,1.33,3.38,1.07,1.38,0.43,1.14,0.79,1.72,1.0,5.53,0.97,7.45,3.12,3.09,6.65,5.75,1.65,0.57,2.48,1.05,7.4,12.45,1.38,8.91,3.65,8.96,0.62,4.38,0.44,9.27,2.1,2.6,1.68,29.63,8.08,2.36,7.28,9.18,14.48,11.18,3.29,2.46,0.38,16.69,6.82,15.17,7.61,1.73,24.22,5.75,21.5,8.75,1.88,2.97,2.22,7.03,3.77,0.56,1.55,3.93,1.61,12.02,2.57,7.15,4.58,3.58,17.93,0.62,7.93,1.79,0.77,2.73,5.01,2.48,0.84,8.76,2.71,8.47,3.73,1.66,3.74,3.71,3.28,1.94,2.23,4.6,1.9,3.81,1.72,1.17,1.57,4.74,22.58,0.93,0.99,2.53,6.86,6.81,10.92,3.62,12.7,7.06,2.17,8.65,16.51,5.3,3.37,11.41,2.93,5.36,0.37,5.04,8.2,1.32,2.82,0.29,9.91,6.65,2.8,1.81
65,0.13,5.13,2.8,2.99,14.52,14.32,1.59,10.62,9.24,10.47,23.0,2.12,5.04,20.31,0.04,3.78,7.15,0.68,3.31,15.58,6.9,2.09,17.86,5.35,0.19,1.64,3.08,2.91,11.57,3.91,3.16,1.31,3.06,11.29,9.76,3.43,4.87,0.28,0.08,5.19,3.23,10.61,3.18,2.12,0.04,4.9,0.69,6.98,0.03,1.62,8.83,0.72,0.43,5.95,1.82,4.29,2.15,9.34,3.69,11.46,5.48,0.82,1.68,1.5,3.28,4.45,2.69,2.24,2.99,11.71,17.73,0.19,6.46,0.54,1.43,19.67,0.54,1.79,5.35,0.08,3.2,1.16,20.38,19.2,25.64,4.46,4.75,16.07,1.07,26.36,4.54,10.33,3.18,10.41,1.54,1.53,0.62,5.75,2.82,0.48,6.1,5.42,15.11,0.53,0.05,0.22,1.16,0.08,4.07,1.41,1.18,2.82,2.84,0.67,7.84,0.68,4.88,3.36,3.03,1.82,1.33,0.23,2.74,6.06,0.82,2.56,4.95,0.17,6.19,0.64,4.48,0.12,7.02,2.37,0.23,0.5,2.35,0.31,2.6,0.67,0.04,1.89,3.14,3.82,11.95,0.79,4.35,4.03,4.79,5.66,4.73,15.46,0.0,3.1,4.83,10.74,6.25,2.12,0.86,1.27,17.26,5.37,4.44,14.11,1.15,0.82,2.55,17.24,7.14,6.79,2.86,5.28,0.17,2.33,12.66,11.74,5.66
66,0.43,0.48,3.24,12.78,4.4,6.42,9.99,19.27,7.34,6.56,1.61,4.55,33.47,10.32,1.33,5.8,3.15,2.06,13.26,0.49,3.25,1.88,5.79,0.47,3.6,6.0,5.46,3.39,3.83,0.66,1.43,2.29,1.07,4.63,7.93,3.05,3.1,3.77,7.93,3.72,3.26,2.13,5.91,1.23,14.03,15.07,2.76,1.97,1.01,1.25,2.12,6.26,0.6,0.7,2.88,3.81,3.27,3.06,1.9,7.4,8.67,12.77,7.88,5.91,0.79,3.81,14.59,10.09,8.6,2.85,4.98,5.16,5.46,0.41,5.06,6.04,5.37,0.56,1.71,10.87,7.63,14.25,14.07,5.05,5.73,3.27,21.26,11.94,4.77,9.88,5.46,33.33,5.35,3.02,2.5,2.74,4.5,2.69,5.31,3.09,7.65,1.62,0.44,0.09,9.7,0.34,1.62,0.56,7.13,0.27,0.1,0.57,1.61,1.38,1.34,0.74,0.78,2.64,0.65,2.37,11.05,0.29,0.58,7.61,1.83,0.02,4.18,0.27,3.55,4.1,2.08,1.68,10.27,0.29,1.56,3.43,0.22,3.06,0.96,0.83,1.28,1.84,6.57,2.38,0.62,0.54,1.78,10.83,1.12,5.17,2.55,5.19,1.53,7.37,6.19,4.53,3.57,4.8,7.75,3.47,12.52,3.67,6.07,11.41,2.52,0.14,5.37,0.29,3.78,3.83,0.05,0.39,1.39,0.42,2.5,4.96,5.31,14.49,15.92,10.94,8.09,5.96,3.22,0.19,3.54,2.27,3.6,2.18
67,1.22,1.85,0.98,2.24,3.69,3.19,2.25,2.21,19.68,1.3,13.54,10.61,2.79,6.98,0.67,5.26,3.93,5.11,3.76,14.9,5.98,8.43,8.79,8.57,1.08,9.88,0.82,0.48,1.73,2.96,0.82,12.04,2.69,6.26,1.29,2.59,0.6,5.41,10.96,0.07,6.97,8.5,4.42,3.9,5.5,2.25,4.5,5.59,4.44,0.6,0.89,1.52,0.7,2.36,1.05,4.93,1.82,6.78,0.66,3.05,10.45,0.39,3.58,0.36,1.54,0.37,3.8,0.16,0.67,2.81,0.9,4.1,0.61,1.13,1.87,7.62,4.43,9.82,0.43,11.69,2.61,4.59,0.43,7.7,9.82,9.4,7.82,12.04,1.12,13.13,12.56,11.5,31.96,23.58,9.47,8.19,1.04,14.41,11.22,5.44,31.6,2.77,2.63,5.7,3.27,6.82,4.1,5.08,3.98,0.77,4.96,1.4,0.18,0.8,4.61,0.25,4.8,1.24,2.94,3.21,14.21,0.29,0.94,1.26,3.23,0.4,1.93,2.39,1.14,0.99,0.44,14.67,0.05,2.49,1.29,2.39,4.62,1.4,2.14,0.95,0.32,4.03,7.43,0.24,8.4,4.76,0.99,4.26,13.08,14.01,0.66,2.65,4.23,7.27,0.89,4.77,21.32,11.81,1.02,0.26,4.95,2.26,5.53,4.44,3.4,2.98,0.19,1.37,6.65,3.79,11.56,5.32,6.69,13.73,4.04,1.09,19.74,3.41,5.06,3.8
68,2.61,19.79,1.56,5.22,1.72,10.79,13.01,8.01,9.02,7.71,9.6,0.12,12.03,5.44,5.8,0.31,25.86,0.49,4.66,7.57,0.02,0.77,0.89,1.14,0.35,0.55,2.14,11.07,6.14,6.95,1.21,17.82,0.2,0.81,0.57,0.08,0.19,0.78,3.18,1.44,0.81,12.16,2.14,2.54,20.37,0.85,2.1,3.77,0.27,2.5,3.15,0.62,0.53,0.68,0.09,0.62,0.3,2.23,0.25,1.86,1.04,5.51,9.69,2.65,2.1,7.62,0.05,0.54,3.04,7.39,17.29,0.08,6.6,1.93,2.99,4.58,0.87,7.5,2.96,6.58,0.91,0.93,2.74,12.07,1.39,1.7,3.32,0.58,4.41,1.5,5.4,14.79,5.59,3.86,4.63,13.9,6.78,1.09,9.84,38.86,7.02,3.0,2.49,2.05,6.87,4.59,7.62,4.26,0.64,8.93,0.49,9.01,7.19,1.06,4.19,13.37,0.18,6.47,8.91,4.07,3.03,1.85,9.82,0.29,0.66,2.85,4.61,1.77,2.76,0.94,2.53,3.63,3.58,0.82,1.32,2.34,1.33,3.27,1.78,0.63,9.11,0.03,3.23,0.27,0.68,4.73,0.22,0.81,10.16,0.82,1.1,2.95,1.3,0.23,1.62,3.91,3.26,1.71,0.9,2.35,0.68,7.11,3.19,0.19,15.67,2.17,9.33,9.95,5.37,0.02,3.99,5.2,12.66,3.01,6.58,2.21,11.19,2.55,1.11,2.89,3.45,20.41,1.62,11.47,5.71,7.41,4.59,6.31,7.88,3.99,1.04,9.46,0.79,2.58,19.07
69,4.76,5.36,25.4,2.8,2.04,10.8,9.97,4.75,2.94,6.93,8.39,8.34,19.57,6.82,3.96,1.77,0.7,1.23,1.73,1.66,2.98,7.47,2.66,0.64,5.35,2.33,1.27,0.23,7.53,2.25,0.84,6.6,16.77,0.08,4.09,19.98,2.04,5.05,1.03,14.22,3.0,0.22,17.52,1.56,5.34,5.39,1.24,3.31,0.55,1.21,3.67,0.8,2.49,4.46,9.45,0.45,2.9,0.93,0.89,1.11,2.99,0.32,3.04,3.28,7.42,3.83,10.37,1.57,0.25,11.51,3.35,1.66,2.32,1.8,13.1,25.16,4.53,7.53,37.48,9.83,16.8,6.68,3.12,21.4,0.9,10.4,29.82,2.04,1.74,0.6,0.51,4.05,4.53,1.39,1.91,1.97,0.11,0.79,8.52,2.35,6.08,1.03,1.11,8.06,0.07,4.93,6.61,0.45,7.84,1.32,2.27,1.11,0.37,7.62,3.3,14.7,0.58,2.04,1.64,1.03,0.6,0.84,0.8,2.04,5.91,2.12,0.05,1.3,5.33,5.96,0.76,4.3,0.55,0.43,0.41,0.35,2.95,2.18,2.03,1.86,0.35,4.08,5.21,0.41,0.98,2.71,0.75,0.44,0.93,0.4,2.89,2.84,1.46,2.14,2.24,1.37,4.41,3.7,5.05,4.04,10.55,9.21,3.96,10.44,4.01,8.57,6.62,2.74,9.35,4.92,5.16,1.88,2.84,2.09,2.42,10.95,3.53,13.37,2.97,4.82,3.15,10.67,3.44,10.87,19.92,15.12
70,4.84,14.05,9.95,11.69,7.18,14.58,2.74,2.91,4.5,11.56,9.75,0.08,13.71,27.08,6.53,2.55,0.21,8.45,7.47,0.27,1.96,3.31,0.97,2.0,6.58,2.74,0.51,4.61,0.44,2.66,21.38,4.22,6.3,2.52,1.6,0.94,10.38,0.28,15.45,2.02,3.31,4.54,1.75,0.22,13.69,2.34,4.71,0.55,2.7,0.51,2.67,2.55,2.02,2.24,0.07,8.22,11.2,2.75,0.09,0.35,9.32,7.8,5.68,2.76,25.1,0.97,0.59,4.4,0.3,10.67,3.35,6.45,1.36,1.03,0.94,14.07,2.74,0.73,17.38,24.03,8.31,13.17,9.9,34.82,2.09,26.84,0.57,0.82,0.53,10.24,15.96,0.91,12.98,15.46,0.54,0.78,0.95,0.5,6.82,3.42,1.97,5.74,2.17,3.91,4.44,0.74,1.2,6.19,9.93,2.16,4.88,3.59,0.59,6.0,2.06,1.42,4.37,2.92,1.54,1.63,2.63,1.01,0.3,0.09,2.8,0.16,0.02,1.0,4.52,18.47,6.44,31.18,15.45,14.89,14.92,9.86,9.89,2.75,18.07,11.41,6.08,4.73,0.3,4.09,1.56,4.29,20.77,7.41
71,0.48,6.09,8.37,10.91,0.65,16.99,12.35,13.29,0.93,21.06,3.35,8.9,20.04,14.97,0.06,10.0,4.63,7.49,1.74,2.74,3.46,9.92,0.49,0.91,4.73,2.2,4.81,0.01,14.14,0.71,8.46,5.11,2.07,1.08,1.11,6.28,3.0,8.84,2.45,6.56,1.57,0.24,11.73,16.3,4.63,1.41,2.73,1.4,3.65,1.11,3.36,1.33,3.34,10.6,4.24,3.37,5.82,0.15,10.81,0.2,2.47,0.04,0.6,6.02,3.81,0.43,5.29,0.26,0.37,2.04,1.71,3.33,0.53,4.0,1.02,1.31,6.96,2.99,7.5,1.4,7.09,3.98,4.84,3.13,1.33,12.52,9.96,19.41,5.91,3.67,19.51,2.07,4.3,9.35,0.42,13.45,11.43,21.27,0.15,14.18,0.48,2.54,8.99,0.04,0.72,3.71,0.62,6.9,7.69,0.72,3.67,3.36,18.86,1.75,1.41,6.68,3.33,0.82,5.39,1.97,4.75,0.85,8.92,0.37,0.88,0.77,9.04,0.88,0.46,5.28,2.99,3.96,0.45,1.95,4.94,1.15,0.43,0.08,3.3,0.89,1.58,7.04,5.04,3.15,0.27,0.74,2.27,1.25,1.57,0.48,0.83,2.73,1.47,2.08,1.27,0.65,0.35,8.59,9.96,6.31,4.35,0.21,15.71,12.78,0.3,15.98,2.8,14.56,2.09,0.64,1.52,0.02,7.34,5.36,12.77,5.74,2.38,12.12,2.42,2.24,2.34,10.68,1.42,2.42,3.54,12.66
72,9.93,11.22,17.03,3.53,28.71,7.34,14.85,28.78,12.21,5.65,5.32,9.42,2.37,2.87,4.38,0.39,2.87,9.19,6.99,3.7,1.62,2.17,2.47,0.33,12.56,1.3,2.45,1.77,2.03,1.91,4.45,7.47,5.92,1.51,2.5,7.68,5.14,1.85,0.95,1.69,5.13,2.62,0.03,2.88,1.66,3.26,3.28,4.17,1.91,1.5,8.28,2.33,7.94,1.25,13.53,5.65,1.05,3.81,3.75,1.72,6.84,2.65,2.82,1.98,7.32,2.1,12.36,2.63,8.45,10.31,12.9,13.47,3.41,2.43,6.59,7.56,12.36,32.17,4.92,65.71,6.41,3.27,1.37,0.39,2.51,5.23,5.4,7.26,0.31,2.13,2.7,8.62,14.15,3.8,0.87,0.72,0.23,7.33,7.01,4.61,15.87,0.74,4.82,0.19,0.18,1.84,1.37,2.44,4.54,2.17,3.18,0.32,0.46,1.29,0.03,0.82,7.47,0.29,1.49,0.69,3.28,1.81,0.36,4.89,7.79,0.47,1.78,7.12,3.45,4.28,3.0,0.67,9.87,3.93,1.29,2.22,0.1,8.89,4.02,3.8,1.19,4.5,16.2,0.33,4.13,3.6,3.63,6.37,2.76,10.47,0.55,0.28,10.27,3.23,13.23,4.14,10.66,2.24,0.41,5.52,5.79,0.29,1.8,13.45,0.77,1.75,4.01,5.22,1.44,1.2,0.65,1.32,1.89
73,12.55,3.47,14.05,24.06,5.32,45.08,25.84,3.97,4.79,4.19,9.45,2.7,1.38,0.49,0.42,6.31,2.11,5.92,0.3,3.38,7.34,0.5,5.65,9.37,4.85,4.08,15.76,10.43,11.97,1.66,5.53,5.77,0.01,3.88,4.29,3.02,0.93,1.94,0.63,1.26,4.33,1.89,1.6,0.31,0.14,0.14,0.27,0.17,3.82,5.7,10.94,6.01,4.58,0.6,5.36,13.76,6.54,2.89,1.75,13.83,6.5,0.41,2.23,2.28,2.05,6.57,13.82,5.47,2.15,11.74,12.02,10.25,8.74,8.74,12.84,9.4,0.31,1.24,2.32,1.46,1.72,1.5,6.39,7.88,11.8,26.35,5.54,2.52,0.03,0.96,0.41,10.63,4.08,0.71,3.1,2.73,8.1,6.06,7.15,3.8,1.33,3.55,13.54,1.59,11.37,0.26,2.25,1.73,2.14,3.26,0.52,9.02,1.17,0.5,1.96,4.26,1.96,0.53,11.58,3.18,0.64,1.98,6.23,10.65,0.03,1.15,3.94,0.46,1.21,0.38,1.55,3.19,1.71,0.29,1.68,3.46,2.67,0.99,1.8,0.95,1.65,7.24,6.72,13.97,9.79,4.93,0.57,1.28,7.44,1.16,19.74,2.74,4.67,1.92,1.14,4.5,3.1,0.62,0.32,2.98,0.06,5.48,25.27,24.74,18.69,4.81,9.0,2.91,16.44
74,24.25,36.92,2.55,1.3,31.55,17.12,16.25,7.1,5.38,11.91,14.47,6.25,3.13,1.81,2.03,5.37,9.52,8.97,7.99,14.33,0.95,8.58,8.69,4.35,7.69,1.58,1.73,1.38,3.13,0.35,2.1,1.34,0.29,4.87,2.88,1.26,0.81,5.04,0.57,0.78,2.44,1.62,3.29,3.31,6.18,5.1,2.34,2.4,0.45,7.63,3.14,3.66,30.68,6.81,10.82,15.65,2.6,5.85,1.5,0.34,0.41,1.49,0.52,0.78,5.9,0.95,2.3,6.46,13.86,5.57,73.18,22.35,4.24,6.7,4.73,2.99,8.53,1.7,8.34,0.97,0.65,2.82,14.39,1.63,2.26,11.03,1.41,2.84,0.75,1.77,3.14,4.75,5.03,0.72,2.2,2.27,0.65,4.49,4.45,2.04,2.03,3.65,5.87,0.52,1.74,0.37,11.85,2.56,7.12,4.95,5.14,9.01,0.83,7.2,0.07,14.18,8.95,20.06,1.58,29.27,3.2,0.27,31.67,2.46,1.41,9.96,4.98,0.43,0.69,4.29,2.05,16.03,1.1,7.43,23.61,7.89,1.82,0.2
75,9.93,30.68,3.23,2.3,2.88,0.45,3.25,20.65,1.0,14.47,23.53,29.79,4.94,5.53,0.27,2.01,3.57,0.35,2.95,0.85,6.23,2.76,0.02,7.03,2.33,16.54,1.51,14.73,3.4,3.31,8.71,1.14,0.04,7.67,13.17,0.73,0.61,3.14,0.05,2.02,2.5,0.12,1.68,4.17,1.01,5.06,2.78,4.13,1.51,0.71,0.79,3.75,0.34,1.16,2.12,0.2,4.56,1.78,1.12,4.68,6.25,0.75,12.46,6.61,7.76,3.57,5.55,2.98,5.58,4.04,0.87,13.46,11.02,0.43,0.41,6.96,1.49,5.75,3.57,17.21,0.33,5.05,10.63,5.75,5.95,11.38,0.59,16.72,0.62,8.52,7.83,10.01,0.19,19.34,4.1,5.96,1.04,6.18,21.04,1.24,1.42,3.66,1.84,0.65,3.74,7.82,10.91,1.45,0.46,1.28,6.37,1.65,2.72,9.91,0.17,2.67,0.85,13.64,0.42,5.12,0.13,2.76,0.65,6.82,3.94,2.15,1.17,2.08,1.88,1.26,0.54,2.37,9.33,4.28,1.18,1.41,0.55,0.35,0.82,2.58,1.41,2.37,1.79,2.26,5.66,3.55,0.6,1.07,0.07,6.24,3.34,10.01,2.79,0.05,3.72,0.1,6.13,0.46,6.28,23.2,5.16,23.06,1.26,4.14,6.67,4.28,16.07,7.98,8.96,7.08,1.96,3.69,2.45,9.64,4.03,18.32,5.29,0.31,4.96
76,6.28,16.05,1.17,2.67,6.85,9.71,5.06,9.52,6.12,1.74,3.36,7.21,19.73,6.76,0.73,6.17,2.15,27.88,5.31,0.34,2.85,0.51,2.95,0.28,0.85,2.28,1.16,9.89,1.86,1.49,0.41,4.36,1.91,5.82,2.58,0.47,6.26,10.59,2.24,8.17,5.15,3.01,8.92,6.68,0.48,0.49,7.2,1.55,0.56,0.38,1.02,0.02,2.84,1.57,1.41,0.69,4.86,0.04,2.8,3.88,0.17,0.49,1.13,1.63,1.65,2.01,0.96,4.31,5.05,3.6,8.08,0.87,2.05,3.24,3.34,0.93,0.78,0.43,3.25,1.92,4.81,1.43,6.56,4.16,0.82,2.69,0.32,0.69,4.32,4.95,0.72,2.13,0.02,5.19,0.51,2.9,5.92,3.6,5.93,1.88,1.18,0.61,0.84,1.68,6.46,4.1,14.76,2.94,2.25,1.55,5.09,3.8,14.81,3.02,11.02,37.82,12.0,2.37,1.96,2.63,3.65,12.78,0.38,15.4,5.68,11.19,3.09,3.38,14.7,5.15,2.91,1.15,6.32,3.66,2.23,6.51,3.13,1.66,9.6,1.93,7.48,0.73,1.34,0.39,0.46,4.44,0.23,0.13,0.04,0.4,6.92,1.03,0.31,0.91,0.33,3.33,1.98,2.33,1.33,10.43,9.24,1.63,2.96,0.47,6.07,0.27,3.54,4.05,0.56,2.37,0.03,3.02,4.46,2.67,6.0,2.43,7.63,6.06,4.41,2.97,1.39,2.87,14.13,6.65,1.9,3.17,2.6,0.46,1.75,3.05,5.01,1.57,3.13,3.95,8.53,15.13,1.16,0.77,0.51,14.96,1.21,2.22,12.1,10.16,24.34,15.4,6.22,0.12,8.58
77,4.86,11.77,15.58,21.89,1.65,17.89,18.16,1.29,38.84,4.46,6.36,0.83,2.05,3.42,0.51,8.32,2.07,1.23,14.81,0.58,3.57,3.32,8.85,0.21,1.29,0.24,14.24,1.24,2.2,2.55,3.23,0.3,11.58,0.88,11.06,1.22,1.66,1.0,0.21,2.05,0.85,2.03,5.66,4.06,1.48,1.21,3.99,1.81,2.1,2.14,8.61,2.62,10.22,0.69,3.19,4.26,10.61,25.75,2.16,0.17,4.41,5.19,9.73,4.5,0.59,7.53,0.69,6.24,4.19,5.26,14.89,11.28,4.73,0.84,2.83,15.65,5.93,7.61,22.56,13.24,0.1,4.6,0.42,4.81,11.03,8.22,1.18,8.03,19.03,1.07,1.81,9.97,6.99,14.11,0.13,4.69,9.06,15.91,0.46,0.76,2.47,2.75,2.86,7.95,0.7,0.19,13.51,0.89,3.69,2.27,1.9,4.44,0.35,6.19,7.5,4.51,0.74,1.18,0.93,1.92,8.25,0.1,7.77,5.01,0.86,0.53,1.03,4.27,8.45,2.93,0.13,2.97,2.08,0.29,5.08,3.88,9.16,8.75,0.6,12.18,11.7,3.64,3.19,1.73,0.95,9.26,7.87,1.79,11.96,15.35,0.69,1.09,5.94,4.99,4.07,1.1,1.38,5.34,6.36,7.99,5.3,3.58,7.07,0.79,18.05
78,11.58,9.41,1.59,5.85,5.32,20.53,13.61,16.08,15.27,5.27,8.44,1.99,1.13,2.12,14.17,12.92,2.37,5.49,0.02,0.99,3.66,0.56,0.48,1.41,2.26,3.03,0.77,2.51,3.87,1.14,1.05,2.45,4.02,0.16,3.73,4.99,3.45,2.15,1.9,4.88,3.75,4.26,4.43,9.86,0.58,5.87,3.26,0.43,2.93,1.52,9.28,2.08,2.34,0.94,0.41,3.22,1.76,1.17,6.67,0.3,2.93,4.35,0.92,1.0,2.03,3.64,0.9,3.61,7.56,0.41,1.37,1.24,2.12,6.94,2.49,3.49,1.64,9.47,7.82,2.37,7.18,0.42,10.17,0.57,0.72,1.15,1.78,4.32,1.32,1.09,0.6,2.58,2.3,19.2,3.99,0.29,15.8,3.55,18.07,9.68,69.54,4.1,0.6,22.89,36.42,1.66,1.23,3.08,3.92,19.58,1.42,1.96,2.07,1.41,0.74,9.78,4.05,0.79,10.65,3.78,6.44,6.91,0.71,0.63,1.32,1.21,0.43,2.12,3.8,4.85,7.21,2.61,3.02,6.35,0.57,2.87,1.26,2.98,3.17,3.77,6.7,1.44,0.23,4.66,0.09,1.98,2.76,1.32,5.52,8.32,10.83,3.73,14.47,6.19,8.12,3.57,8.03,21.09,2.73,1.17,5.56,8.15,26.36,1.2,4.95,0.38,13.68,1.31,7.44,2.51,5.64,5.02,1.94,9.73
79,5.52,9.61,6.98,0.24,0.89,16.94,0.55,17.14,3.59,9.79,1.5,4.86,23.61,5.99,11.91,3.31,0.03,4.39,0.7,0.73,1.82,0.97,9.31,1.83,1.84,11.25,5.96,1.39,13.25,12.86,2.9,6.26,1.95,6.27,0.75,0.94,2.2,3.95,1.84,0.46,9.68,1.88,0.18,9.26,3.79,2.18,0.28,1.18,5.96,0.23,2.13,0.97,1.26,2.23,1.21,2.6,1.65,0.72,1.38,2.4,7.96,1.89,1.44,1.84,0.91,2.65,4.42,2.7,2.49,3.11,8.56,4.95,4.08,5.33,4.02,5.04,4.25,0.46,0.86,4.91,2.02,2.34,4.57,3.8,11.97,17.38,12.62,2.95,7.6,1.87,15.97,18.6,7.07,6.88,8.36,14.69,32.71,10.48,2.51,13.42,56.83,1.44,0.33,0.03,12.5,1.13,0.21,0.17,2.02,7.34,8.94,0.5,10.11,1.57,3.4,1.08,6.12,0.21,2.49,9.86,8.0,5.75,1.9,2.07,0.1,4.75,0.93,0.09,2.53,4.27,1.48,1.38,3.06,0.45,4.37,1.98,6.51,1.81,2.03,1.3,1.96,7.12,4.88,13.13,2.27,2.28,5.84,3.07,1.49,1.68,10.17,2.77,1.15,1.37,11.67,2.0,2.77,1.94,0.62,1.22,8.4,10.23,18.48,3.21,7.78,15.11,6.73,0.59,29.37,12.59
80,52.0,20.77,20.63,16.63,4.87,5.25,0.91,7.56,1.02,0.95,0.38,3.61,9.72,1.68,3.63,1.01,2.78,7.06,16.18,1.91,1.77,8.66,7.65,7.48,2.46,1.09,2.96,1.48,0.01,19.95,4.89,8.25,7.4,2.83,0.16,0.28,2.06,7.81,1.51,3.97,3.98,3.84,0.15,1.49,0.29,1.66,0.67,5.14,11.62,3.05,0.39,2.92,3.75,3.33,0.83,6.76,0.92,0.12,1.87,3.62,0.08,5.59,17.06,4.27,8.06,6.93,1.67,12.18,2.34,15.84,0.65,6.24,0.23,12.56,3.99,24.73,3.03,13.06,13.64,2.77,0.89,4.44,6.7,29.06,0.33,30.56,14.42,13.98,9.35,2.14,1.49,5.64,0.07,1.83,17.82,1.97,4.24,1.35,4.86,0.11,0.02,1.19,0.84,0.78,1.51,0.4,1.05,2.27,13.97,0.11,1.15,1.95,1.37,4.02,0.78,1.62,4.63,4.54,4.57,6.01,0.81,1.21,0.17,0.13,2.85,2.71,4.12,3.43,0.24,0.67,0.89,1.01,2.14,1.48,7.6,1.69,11.0,1.94,3.24,0.42,12.36,19.34,0.04,8.45,0.46,38.92,3.74,8.09,8.99,4.83,6.94,1.92,4.76,8.93,10.07,4.2,1.59,3.1,5.77,0.67,13.82
81,1.47,7.94,3.08,40.65,0.59,12.92,2.43,39.72,7.35,8.59,7.34,3.57,6.59,2.64,1.41,1.88,6.02,7.17,1.13,6.3,2.44,0.99,1.43,1.31,0.17,0.7,6.3,1.89,3.39,7.25,1.41,0.04,4.03,4.37,15.8,0.27,14.82,8.82,0.59,7.17,8.55,12.1,0.16,1.44,2.25,1.02,5.84,2.27,7.44,1.03,10.67,7.86,8.29,10.35,3.52,16.08,8.1,4.23,14.94,0.14,21.01,9.59,0.47,3.3,2.43,9.88,0.01,37.73,2.21,17.19,14.36,5.57,0.32,19.29,6.69,7.8,16.29,0.84,3.03,1.78,2.01,2.4,4.21,2.15,5.3,4.57,0.73,2.86,8.05,6.1,0.85,15.61,1.75,0.17,4.23,2.65,2.25,4.64,1.58,13.66,7.89,1.8,0.32,0.05,1.3,0.66,1.1,5.47,6.08,2.7,1.17,0.62,5.38,1.66,1.1,2.68,3.21,0.51,3.72,7.58,0.21,0.14,2.16,0.13,2.64,5.03,4.37,3.73,0.13,0.43,0.99,1.41,1.64,0.19,0.24,6.45,5.27,7.54,1.23,2.77,0.11,3.22,5.06,5.5,7.66,7.13,6.07,1.34,5.93,1.5,4.61,18.23,1.23,1.33,0.09,7.24,1.48,2.92,7.5,15.64,0.23,1.55,0.33,8.14,8.23,9.08,13.39,4.18,9.55
82,4.48,7.09,3.69,1.84,15.77,1.86,2.06,25.08,21.05,24.82,2.28,8.67,9.43,13.15,3.81,5.83,1.53,0.92,1.25,0.46,3.44,2.8,0.2,3.24,0.8,3.81,2.34,0.56,3.58,0.07,6.88,2.37,0.43,4.09,11.07,0.14,6.71,9.51,6.43,0.08,2.16,2.31,7.14,6.74,0.13,0.65,0.96,2.4,1.78,0.86,0.92,1.88,7.09,7.63,1.7,4.07,7.4,2.56,5.31,0.42,1.48,4.29,1.92,6.08,6.57,4.25,4.58,10.52,3.43,1.9,2.22,11.66,10.03,23.54,1.81,6.29,7.12,5.5,3.26,0.28,4.84,0.22,3.36,12.4,3.51,1.31,6.21,2.09,2.24,8.9,6.92,2.77,5.05,6.03,20.47,2.08,2.32,4.1,10.47,2.7,5.6,28.02,0.21,0.92,5.74,7.28,0.04,4.64,5.92,3.59,2.94,0.41,1.6,5.63,17.84,0.49,6.7,1.67,2.56,13.5,5.44,3.27,1.7,0.95,0.02,4.99,0.29,2.41,8.85,1.19,1.85,1.09,1.08,9.51,4.51,4.23,4.33,1.11,0.06,1.19,1.7,2.32,15.29,0.68,1.61,6.7,5.49,5.64,9.38,9.19,4.04,2.61,0.32,6.16,12.9,6.1,4.4,14.17,6.39,7.58,0.54,8.51,6.96,8.9,2.74,3.99,9.35,1.85,1.92,0.25,4.0,2.05,2.67,4.06,0.4,11.86,5.36,6.63,9.98
83,17.27,13.42,27.25,7.06,17.63,0.08,2.43,2.94,20.17,5.02,8.24,4.59,4.36,3.66,0.49,1.96,1.45,0.57,1.06,1.79,0.18,0.85,4.77,3.31,10.93,7.64,2.3,1.46,1.4,0.15,2.11,9.65,0.13,5.77,5.02,2.57,12.35,1.9,5.56,1.26,0.39,2.39,11.3,7.78,4.07,2.48,1.97,10.37,2.17,2.99,3.12,3.01,2.29,0.26,1.8,4.86,3.35,2.73,6.1,1.04,12.12,0.81,4.45,4.27,2.0,0.73,6.83,1.61,0.52,2.42,0.16,17.32,6.1,1.64,4.45,6.56,3.15,1.64,0.5,6.5,0.24,5.21,1.72,11.75,4.73,0.35,4.84,8.65,11.49,26.88,3.78,13.64,14.38,26.4,33.5,2.85,1.3,3.19,3.8,4.35,4.59,5.17,2.11,11.79,2.97,12.0,4.98,6.43,0.64,1.63,3.19,3.52,4.1,2.06,4.56,1.9,2.95,1.15,1.91,0.61,4.3,7.54,0.94,0.26,4.34,1.52,2.88,0.66,4.69,1.3,1.23,1.41,0.01,3.64,0.29,4.65,5.05,2.81,8.8,1.78,2.46,0.59,2.51,1.02,9.26,1.33,1.91,2.07,4.0,4.64,5.21,32.62,9.27,14.58,6.56,6.75,6.25,1.58,8.04,2.15,4.16,2.34,6.8,4.09,16.52,10.51,0.34,0.08,2.85,0.29,0.38,2.31,9.67,1.56,3.87,14.97
84,23.82,0.55,0.75,4.67,14.33,16.89,0.05,22.62,12.73,20.98,10.36,7.76,1.62,5.13,2.48,6.3,0.65,6.71,1.41,7.31,0.77,8.11,5.08,6.17,13.09,0.19,2.72,4.54,6.09,8.03,1.67,21.44,15.23,15.63,0.17,0.89,2.19,1.46,0.34,0.2,5.16,9.07,3.61,0.19,4.96,10.71,3.94,5.0,4.21,11.57,1.48,5.41,1.91,1.46,17.17,2.48,0.12,5.75,15.06,2.15,12.74,6.15,8.65,29.83,22.04,5.41,19.22,20.67,1.84,12.54,4.98,9.64,2.84,3.18,4.07,17.04,0.22,6.59,1.02,5.72,2.24,5.83,1.11,8.85,3.13,1.11,1.08,3.31,2.07,2.36,0.84,0.42,4.3,1.93,3.01,1.57,1.19,4.72,11.76,1.73,0.39,1.35,0.66,3.7,1.31,10.16,2.54,0.4,3.05,5.38,3.52,0.23,6.02,0.61,2.54,1.17,5.92,3.98,5.4,4.72,3.15,3.09,1.76,8.8,13.3,15.03,11.17,3.25,40.68,0.74,22.66,2.1,4.96,7.53,0.84,7.24,3.43,6.96,1.98,1.85,17.9,18.65
85,0.89,12.39,4.05,27.62,6.84,37.33,7.11,26.14,1.39,9.79,6.9,4.93,0.15,4.44,1.69,20.25,1.46,1.62,6.11,12.58,5.41,10.33,3.77,6.07,7.87,3.84,0.98,1.04,1.48,6.22,3.59,5.24,0.2,0.65,0.66,2.25,7.39,0.26,0.84,7.23,2.77,0.9,1.29,5.08,0.79,3.1,3.88,4.44,6.25,0.24,3.88,4.44,9.09,1.84,2.37,4.83,2.33,1.79,0.5,7.99,12.21,1.71,7.07,0.92,0.02,1.52,9.27,4.15,2.3,1.8,3.39,0.01,1.21,7.16,2.07,4.9,1.21,5.71,8.71,0.11,4.5,6.53,20.4,29.2,9.12,1.63,1.37,0.46,1.55,9.5,0.13,0.88,16.38,2.66,6.5,0.74,3.14,5.22,7.69,12.8,3.85,4.84,7.74,1.58,10.83,9.79,7.47,1.88,1.02,0.38,1.88,3.76,4.34,4.4,1.52,1.73,1.28,0.62,5.98,2.02,2.48,0.68,6.59,1.17,3.2,0.48,1.47,9.0,4.83,2.52,2.38,1.67,9.19,2.84,1.01,0.85,1.22,2.56,0.62,0.68,0.22,1.26,0.81,2.57,1.27,13.37,0.22,1.31,0.69,2.01,1.13,3.12,3.3,4.67,8.72,12.34,13.92,2.1,3.79,3.34,2.58,15.64,9.1,1.93,4.86,6.67,34.71,19.46,5.45,0.61,1.12,3.32,4.06,0.62,0.21,1.08,24.72
86,12.48,1.84,4.16,4.35,3.55,33.43,4.67,3.26,5.47,8.67,2.39,16.64,2.0,1.12,25.19,0.04,4.64,8.69,1.76,0.41,0.51,9.24,1.06,1.23,0.97,2.45,3.21,3.24,1.81,0.11,5.13,2.28,2.88,2.22,2.22,3.53,21.21,5.7,4.77,10.47,1.66,6.89,8.44,5.48,1.25,4.2,0.1,2.75,2.28,5.58,2.52,0.94,0.02,5.86,4.11,1.1,1.79,0.98,2.45,0.9,3.27,6.05,6.93,2.38,4.37,1.82,1.19,2.96,6.75,3.22,5.02,4.18,20.38,7.31,0.12,3.59,11.03,21.57,8.51,7.37,0.95,0.22,1.05,10.68,3.88,15.95,9.37,1.32,3.78,7.32,15.8,21.1,6.2,7.36,2.82,10.43,7.06,6.99,0.21,7.83,2.7,4.01,3.11,1.39,12.37,5.58,1.97,3.79,6.97,15.04,0.06,5.11,7.83,0.59,4.91,0.16,7.25,1.98,2.28,1.17,1.98,1.09,4.73,4.96,1.89,3.35,11.25,6.42,1.88,1.88,2.68,0.71,0.84,10.64,2.56,1.48,2.48,2.72,0.09,8.54,2.97,8.47,3.83,1.92,16.82,3.87,2.9,5.05,18.61,10.24,0.93,5.14,2.47,2.52,10.56,0.55,1.71,0.76,5.53,1.62,2.42,5.33,15.26,3.36,1.42,0.28,10.82,3.01,4.18,4.0,5.24,5.28,0.03,1.72,4.44,10.75
87,26.96,3.56,10.08,3.78,22.01,15.13,1.85,0.22,6.2,6.42,2.65,5.21,4.58,9.28,4.26,0.08,3.99,9.43,2.48,3.65,0.42,0.07,1.03,4.26,5.57,5.03,4.03,7.39,4.23,2.75,1.65,3.69,8.45,0.47,11.2,0.11,10.73,0.17,2.54,8.4,2.02,2.23,11.59,9.53,3.87,5.64,5.04,2.25,9.23,1.89,0.34,1.17,0.91,2.14,1.45,4.97,6.13,0.88,3.64,1.02,2.16,3.28,6.28,6.94,0.55,1.5,11.47,17.23,8.04,0.35,0.68,0.37,7.44,1.17,0.17,9.49,1.45,10.85,6.41,7.76,0.39,3.05,1.93,3.3,13.55,15.96,11.99,14.83,3.84,3.74,3.94,2.11,4.88,1.61,9.5,10.32,3.0,9.17,1.74,20.63,6.06,12.38,5.45,7.65,8.34,7.49,11.1,8.7,4.74,0.1,14.4,0.96,2.54,3.68,2.81,0.61,0.67,2.2,5.24,4.84,0.72,0.89,0.87,1.06,2.27,1.11,3.39,7.54,0.77,3.07,4.89,0.99,1.17,0.84,2.06,0.23,0.64,1.0,0.65,0.59,2.6,1.1,0.07,0.9,1.06,0.12,2.71,6.61,1.3,1.19,2.77,3.3,3.34,0.18,2.33,0.22,0.26,3.33,30.82,3.89,4.01,1.45,16.35,0.34,2.34,24.03,0.59,3.75,8.61,0.79,3.27,12.36,4.49,9.56,2.54,5.95,1.92,14.05,23.53,1.42,2.52,0.72
88,17.12,10.54,0.58,18.94,6.89,14.72,16.75,9.19,14.3,3.31,4.08,2.81,0.23,16.01,14.54,2.76,5.09,1.96,2.42,13.48,30.92,0.42,10.19,10.42,1.56,3.24,1.16,2.66,31.2,10.67,0.92,7.02,3.75,4.93,1.11,0.97,0.89,9.41,22.92,1.06,2.16,1.51,2.44,1.56,0.78,0.86,8.25,6.17,3.84,1.56,9.35,4.18,32.65,14.08,0.87,12.04,12.11,0.35,5.12,18.0,7.54,0.33,1.11,13.84,3.13,25.51,14.61,24.68,7.45,0.19,1.2,4.81,9.79,14.6,2.71,0.58,5.73,3.96,0.99,1.24,1.63,2.12,4.38,20.63,1.23,7.67,4.1,7.23,1.54,0.16,2.77,0.67,0.86,1.27,7.78,1.56,1.47,2.02,1.03,6.76,1.15,0.1,0.71,6.67,0.49,2.51,2.97,2.01,1.9,4.82,0.48,1.95,0.81,0.75,7.46,2.1,0.77,8.13,4.32,4.92,0.5,9.49,11.24,0.79,0.59,19.82,0.13,2.38,9.6,4.64,2.35,1.31,6.48,0.87,3.57,7.57,0.98,1.39,8.4,8.35,3.66,1.25,7.15,5.1,5.25,1.36,7.04,12.06,2.0,1.82,25.11
89,7.54,17.44,2.01,3.37,22.91,1.87,21.01,14.1,2.87,16.4,21.62,3.64,2.76,0.94,0.14,7.68,7.45,0.78,5.33,1.51,0.81,5.28,17.25,2.84,6.58,23.68,13.75,1.46,7.57,1.36,0.55,2.52,0.2,0.91,5.22,3.15,4.73,0.22,14.89,0.99,3.05,2.02,0.94,4.45,3.88,4.16,4.2,1.76,0.48,2.51,0.03,8.11,0.09,20.32,9.88,24.27,1.08,1.95,20.44,11.63,5.9,2.12,5.38,13.37,8.12,4.63,0.59,10.78,15.88,10.16,10.14,3.07,26.47,1.92,9.43,2.46,15.2,4.87,0.34,2.3,10.16,0.74,0.68,1.01,2.46,6.3,6.34,10.52,1.36,6.88,0.08,14.86,2.53,6.36,0.79,5.45,0.22,4.97,1.56,2.0,2.21,3.6,3.69,1.52,0.68,0.33,4.19,10.43,1.13,4.83,0.51,3.2,1.39,2.68,0.08,1.21,6.48,4.04,0.93,8.85,1.89,12.61,0.4,0.22,0.1,7.75,2.99,18.19,15.49,0.96,10.0,1.99,0.31,3.74,1.01,12.7,0.3,3.56,1.97,0.15,2.88,2.82,9.6,5.44,4.26,10.78,6.18,2.58,8.56,0.59,6.03,11.85,22.89,12.17
90,13.74,13.89,10.73,1.7,20.97,16.15,2.49,0.32,2.65,0.63,9.03,3.13,0.39,10.98,26.48,0.27,4.92,2.3,4.12,0.26,1.31,0.19,1.31,2.64,2.25,1.49,6.5,7.14,0.02,0.77,1.28,8.51,10.12,7.85,5.94,10.08,3.95,12.34,0.04,8.7,2.72,1.4,2.99,1.9,1.39,1.81,0.06,0.16,1.02,3.0,1.73,3.67,3.28,4.34,3.23,1.9,4.44,0.12,0.13,8.21,6.01,1.47,5.87,5.65,0.71,12.69,2.38,9.3,2.77,0.43,3.68,7.0,4.05,1.94,2.5,2.1,5.54,1.68,22.68,13.39,0.4,3.91,13.05,2.12,0.45,6.51,0.8,1.69,14.41,22.52,3.54,2.95,0.3,16.88,7.94,2.09,3.61,2.86,4.69,10.28,15.48,7.09,3.61,0.35,7.88,4.82,10.8,2.47,4.89,0.03,12.96,7.33,0.58,0.89,9.21,10.0,2.66,4.94,1.67,0.03,2.64,4.65,0.73,3.07,1.24,0.66,0.59,6.02,0.08,9.85,0.18,1.12,1.79,1.01,0.37,11.17,5.48,10.01,0.63,6.86,4.47,1.27,5.45,6.65,3.53,4.82,4.52,3.56,0.35,4.05,3.5,6.09,12.17,2.42,1.26,15.5,6.35,12.25,7.41,0.03,12.4,19.97,1.76,3.84,4.08,2.18,0.5,13.08,0.58,1.34,1.41,42.66
91,6.09,7.08,3.29,5.71,15.9,15.07,1.78,1.06,41.72,4.13,18.91,0.08,5.68,9.97,0.08,0.82,2.81,7.62,13.37,6.79,0.68,1.12,14.81,8.31,10.47,8.35,5.97,4.43,3.36,0.73,6.57,4.54,6.52,0.51,0.85,1.53,3.46,0.56,3.28,5.28,5.63,0.18,0.69,0.81,0.01,8.14,2.1,0.81,2.08,1.0,1.28,5.39,1.42,1.49,2.52,0.04,0.92,10.54,1.21,1.85,0.84,12.91,12.81,4.23,2.15,6.21,6.14,2.45,1.72,8.01,15.13,17.3,4.17,0.67,18.82,0.62,14.6,4.93,2.67,29.83,19.2,21.2,11.14,3.62,2.33,3.34,13.95,1.7,17.06,4.91,5.41,6.11,3.29,1.13,11.22,0.31,14.07,0.17,1.3,0.08,0.67,6.1,0.52,3.0,2.12,0.91,0.67,1.71,2.29,1.11,4.73,4.31,3.98,1.72,1.48,2.27,5.62,2.89,6.53,4.92,0.83,1.5,1.89,0.0,0.87,9.03,1.82,2.45,3.93,4.06,9.82,2.41,3.2,6.6,0.06,0.84,0.43,4.39,16.59,7.51,0.62,0.88,2.94,5.29,8.74,8.87,4.4,20.96,1.46,4.7,5.87,6.87,0.69,0.66,3.77,0.81,9.19,4.54,5.92,5.16,6.56,0.27,14.19,0.9,1.04,17.76,3.08,0.3,6.88
92,21.95,0.18,2.95,27.27,1.76,2.41,0.65,11.88,23.9,1.52,1.33,5.15,5.24,17.32,1.32,15.44,3.95,1.34,5.2,0.28,5.49,0.49,1.84,4.59,3.24,8.48,2.99,6.34,6.67,4.63,12.62,10.45,1.81,10.32,1.06,10.98,0.6,1.13,1.21,2.41,2.06,1.26,2.9,0.04,7.48,1.56,1.15,3.58,4.05,0.78,1.31,1.66,0.51,0.3,0.46,2.0,1.88,1.69,0.33,0.06,0.21,0.57,10.57,1.18,5.68,13.87,6.51,4.3,5.15,5.81,2.24,0.1,2.4,1.14,1.38,6.11,0.93,3.02,2.4,3.68,17.81,1.46,12.38,6.1,32.34,0.93,19.66,22.28,1.22,32.35,3.47,2.66,4.95,0.45,0.27,15.44,29.84,0.51,13.59,0.06,6.43,10.44,1.18,3.29,5.45,5.98,0.19,0.2,1.64,4.08,7.23,2.48,4.45,0.94,2.61,1.99,6.97,9.68,0.83,0.71,7.47,4.53,0.84,0.71,1.25,11.95,1.19,1.0,1.18,2.73,0.04,0.36,5.45,6.05,7.81,1.74,9.58,0.05,1.07,3.3,3.64,1.36,0.58,1.26,1.44,6.08,21.34,16.3,1.03,2.2,5.9,14.1,2.46,1.09,7.25,6.31,0.79,3.19,5.68,0.46,0.92,16.1,2.06,3.98,3.56,7.64,2.6,4.17,8.02,11.58,0.22,5.41,10.77
93,4.61,1.32,3.17,8.35,4.93,14.95,10.1,11.03,8.14,0.26,12.29,0.37,7.65,31.58,1.18,15.72,6.71,0.3,11.07,15.63,0.42,0.7,1.06,0.23,1.3,12.03,1.68,2.44,1.01,5.72,4.59,1.31,8.39,2.28,2.24,0.84,0.46,5.32,2.72,0.83,7.94,0.04,16.09,2.63,3.21,1.86,0.98,1.24,6.86,3.01,0.58,0.25,3.04,0.43,0.96,2.65,2.55,1.59,8.42,2.18,0.63,4.71,10.49,6.15,2.77,6.16,0.79,9.04,1.87,0.99,1.18,1.54,11.32,15.79,2.61,2.58,4.34,1.45,3.86,7.12,7.54,6.11,7.62,1.23,2.2,9.95,0.31,5.45,1.11,1.5,10.2,3.71,17.57,23.38,0.29,9.44,4.5,6.16,2.74,1.44,4.85,1.0,15.05,6.95,4.18,2.96,5.54,11.26,0.48,0.86,11.86,8.06,0.83,1.75,0.88,5.98,6.69,0.81,3.8,1.55,1.92,1.63,1.27,2.44,4.99,5.82,0.21,2.92,0.28,2.16,2.16,0.32,4.52,4.16,2.98,3.98,1.92,2.0,2.5,1.55,1.62,0.62,2.45,1.14,0.04,1.24,1.57,0.16,2.84,1.02,5.53,2.34,1.66,0.15,0.85,1.98,1.5,1.65,7.33,9.64,4.83,3.16,0.03,0.65,1.64,6.05,1.66,1.12,5.64,0.67,23.37,3.16,19.67,1.65,10.26,7.77,0.22,2.77,0.15,4.38,8.5,4.73,10.89,0.14,3.11,1.08,5.64,27.7,15.27,9.07,8.15,1.7,7.24
94,3.46,2.76,1.84,4.34,31.7,17.14,14.8,31.46,2.29,0.0,5.4,25.04,0.07,2.67,0.36,4.3,9.9,17.69,4.17,3.18,0.72,11.8,1.15,0.57,2.11,1.66,1.81,0.96,6.42,8.3,4.18,2.07,10.05,3.16,0.97,0.95,8.36,2.31,3.56,5.11,16.27,3.02,1.04,3.32,0.83,5.48,3.89,6.32,1.13,1.14,2.08,0.19,5.42,3.66,0.17,5.26,0.95,2.17,3.4,1.02,2.12,2.88,3.48,1.01,0.21,1.56,2.77,11.77,11.37,11.05,6.84,2.6,4.42,5.96,1.3,8.4,3.1,4.42,4.24,2.72,6.69,3.79,0.82,3.09,2.89,1.3,0.93,24.53,5.49,4.64,10.16,23.74,7.68,1.35,9.18,0.05,4.84,8.4,16.01,1.61,22.03,0.35,4.89,5.38,1.79,6.06,0.67,12.39,3.56,5.49,0.14,1.05,2.72,2.55,0.46,2.01,8.95,10.51,0.91,2.98,2.81,2.01,1.37,0.05,9.26,6.11,1.44,1.34,3.35,0.54,14.32,1.59,0.22,2.11,2.68,0.04,2.38,2.51,5.36,0.0,0.93,1.59,4.51,0.41,2.23,0.81,0.18,0.08,4.65,4.55,1.47,12.92,1.88,2.62,6.9,7.78,7.19,18.52,6.47,5.17,8.44,4.2,15.42,5.92,2.05,7.35,1.15,0.45,5.65,2.01,2.12,10.87,2.78,5.88,10.93,4.19,16.38
95,5.43,15.0,10.86,10.76,24.01,4.45,19.63,3.56,9.74,0.9,3.96,35.72,3.38,4.25,0.71,1.43,11.12,1.81,0.4,0.59,2.76,6.05,0.69,4.35,0.52,1.73,0.88,19.61,1.15,3.31,1.4,2.93,3.59,0.04,7.23,2.16,2.03,1.8,11.42,6.01,3.59,1.93,4.03,2.84,3.55,1.57,10.28,6.37,0.86,1.96,0.28,1.16,2.26,7.92,0.62,3.22,4.81,3.59,3.96,6.79,3.72,0.41,1.52,6.41,4.24,0.49,1.18,7.23,2.69,0.79,2.24,1.27,9.03,1.63,3.52,4.87,4.26,0.15,7.67,11.39,4.68,8.02,6.71,3.2,6.07,7.49,7.21,1.71,21.79,1.47,2.48,16.74,4.28,5.99,7.95,5.39,2.12,2.85,11.95,1.76,0.73,16.63,4.62,1.6,7.31,2.9,1.62,0.91,5.26,4.0,11.15,1.64,6.02,1.24,1.79,14.87,1.37,3.51,1.09,0.33,9.89,0.39,0.8,2.26,5.46,10.02,1.89,3.27,0.93,0.62,1.41,3.28,5.67,0.68,1.16,11.36,1.0,1.66,1.59,0.65,1.64,5.14,0.93,6.74,2.84,2.01,8.88,5.76,10.39,0.27,9.19,5.9,3.29,4.63,1.45,1.97,2.94,3.26,6.95,1.03,1.96,10.1,0.95,2.18,7.6,2.85,4.9,3.97,11.12,9.71,4.81,6.68,1.78,14.09,1.4,14.54,1.18,0.71,1.88,34.54,5.06
96,15.69,0.71,9.36,5.49,21.96,19.96,12.37,14.5,4.69,2.12,4.75,2.85,8.55,3.9,1.03,5.38,3.02,9.83,8.31,0.87,3.16,0.54,3.01,3.55,0.21,0.54,1.79,3.66,4.92,0.39,2.47,3.56,13.27,6.74,1.79,0.78,5.15,7.13,0.71,0.43,3.9,3.78,2.7,1.93,3.24,5.94,0.9,0.44,0.26,3.34,1.87,1.81,2.14,0.79,0.86,0.5,1.75,2.92,1.22,0.05,1.52,0.6,0.22,2.51,2.11,15.23,0.14,2.99,0.6,2.67,10.78,0.07,4.03,0.23,5.76,3.65,7.95,8.06,5.3,2.16,6.43,10.68,3.64,8.14,9.59,2.03,9.44,3.27,2.76,6.87,4.68,11.71,11.14,13.09,2.6,8.64,2.05,19.36,0.69,0.95,22.37,10.5,1.68,9.65,4.13,10.54,2.98,43.32,4.02,3.92,4.73,13.66,3.87,11.45,0.29,0.39,3.6,8.79,7.98,4.8,0.38,2.45,4.51,1.93,0.04,0.49,2.74,8.07,1.02,1.83,1.26,4.03,2.13,0.06,4.5,4.57,2.49,7.88,0.77,1.29,3.25,3.25,0.83,5.0,0.44,2.53,1.71,0.5,1.08,2.35,0.52,5.71,4.64,5.41,2.45,1.61,1.82,4.15,1.07,2.9,0.04,4.76,9.8,8.73,8.29,6.59,5.42,3.02,0.0,1.31,12.03,4.33,4.42,7.74,12.93,1.7,2.59,5.9,4.1,0.61,21.54,0.86,8.31,2.2,4.93,5.59,0.38,0.15,2.66
97,8.63,4.53,6.38,4.35,25.85,1.89,1.68,15.04,6.1,14.96,16.14,1.1,3.86,9.84,5.04,2.21,8.25,4.65,1.05,1.62,5.05,6.31,0.67,2.19,4.12,19.06,2.99,5.33,3.73,1.39,7.65,2.5,6.0,0.11,0.61,6.26,3.01,2.73,10.32,0.92,3.08,6.31,0.63,11.23,0.05,0.84,2.56,0.54,1.32,5.11,1.72,1.67,3.91,0.31,1.4,18.25,9.08,1.22,2.06,0.99,4.29,1.69,1.06,11.19,3.11,19.4,6.57,4.72,2.71,1.8,0.81,3.27,0.16,1.74,0.01,21.97,10.29,1.85,19.01,9.73,10.3,19.28,7.06,6.95,0.81,2.18,2.59,17.79,0.65,2.82,21.41,18.74,7.98,29.82,6.52,5.46,2.53,6.36,1.65,4.82,5.87,2.3,2.63,0.1,1.0,0.49,2.32,3.62,2.28,3.73,1.68,2.02,1.6,0.42,0.88,2.78,9.92,0.62,2.47,0.27,1.49,6.9,2.65,0.1,2.69,1.97,5.16,3.55,1.11,1.53,0.36,3.19,1.68,2.59,4.27,19.36,1.04,1.24,2.83,3.13,0.58,1.16,0.58,0.39,2.85,4.39,2.12,1.36,8.76,19.2,3.2,4.91,29.58,8.44,7.42,0.01,8.33,5.05,3.0,1.53,6.23,1.24,3.81,4.04,16.28,3.86,3.24,1.03,12.62,3.73,2.71,25.81
98,2.87,1.88,17.42,2.66,13.95,6.68,15.63,11.77,2.83,2.52,6.73,14.51,2.54,32.11,2.28,7.38,0.45,0.09,0.36,6.91,2.59,3.62,2.58,2.57,0.49,2.96,0.94,3.01,1.86,3.6,0.34,3.23,12.09,2.45,0.6,2.1,0.68,10.88,3.55,0.92,1.86,10.07,7.25,9.52,0.02,0.16,6.49,4.34,1.12,3.72,5.3,0.7,9.36,7.93,3.87,7.73,1.46,0.63,0.62,2.93,1.59,0.34,5.86,2.13,24.95,0.63,25.4,0.44,4.1,4.05,3.08,11.73,13.73,4.14,8.07,3.99,1.47,10.5,6.84,23.64,10.14,11.2,33.14,4.73,6.73,7.73,8.28,0.41,5.26,21.6,0.36,3.2,1.18,3.71,6.85,0.05,3.11,9.21,13.86,6.39,1.37,7.93,6.32,4.05,0.58,7.71,2.29,3.08,0.82,2.39,3.65,0.43,2.02,3.92,8.83,1.24,1.77,0.16,11.77,0.98,2.04,0.92,6.9,1.93,2.12,1.09,0.67,3.57,5.26,5.65,3.22,1.52,0.26,1.03,8.4,1.76,0.24,0.16,4.22,0.43,1.73,0.97,0.54,4.43,36.23,0.18,1.85,5.29,0.21,0.5,50.01,14.03,2.42,4.44,23.65,13.51,8.0
99,32.33,3.12,3.72,1.21,11.46,47.88,47.02,2.29,1.53,1.94,4.34,15.41,6.7,2.62,4.16,4.39,0.72,2.44,1.08,13.6,0.34,6.33,0.3,15.45,11.72,10.11,0.18,2.1,10.97,1.11,0.07,1.62,0.36,7.16,3.02,1.62,3.05,2.82,0.35,0.12,2.64,2.81,1.49,2.11,1.2,6.17,0.39,2.75,9.29,13.23,1.75,1.36,4.66,2.72,4.21,3.18,10.07,19.88,2.65,1.21,1.19,9.17,4.78,16.29,3.62,4.97,23.6,2.66,7.0,29.78,1.96,4.7,1.1,6.23,4.41,12.55,18.54,25.45,1.85,4.43,11.21,4.78,17.94,1.23,7.65,1.79,2.18,2.97,0.55,1.62,1.97,1.94,1.48,10.13,3.71,8.55,5.93,4.05,2.85,5.35,1.89,1.61,9.37,0.18,9.58,4.39,0.14,2.03,6.09,9.29,1.8,8.09,0.07,1.39,1.84,14.5,10.47,1.81,5.31,9.88,3.82,7.16,1.49,19.69,1.97,0.32,15.75,12.13,5.37,7.64,2.27,8.73,0.52,0.7,3.63,8.7,0.6,0.46,11.66,1.08,23.38,1.89
