0,3.48,0.68,34.16,75.11,28.07,4.74,0.45,0.57,27.08,4.17,3.91,8.1,14.31,4.64,66.71,6.46,9.86,10.09,29.81,5.32,17.74,2.63,15.39,16.6,8.41,5.08,59.39,0.92,2.0,5.98,6.29,37.8,118.7,3.2,4.47,5.37,3.23,3.44,1.09,0.35,14.8,0.73,3.45,5.11,0.06,2.32,5.14,2.37,3.83,4.0,16.53,14.81,11.74,9.82,24.19,11.59,3.04,11.11,9.94,14.0,1.08,7.97,7.08,0.62,3.97,27.99,4.7,10.99,9.75,5.58
1,1.19,26.3,17.32,50.58,9.54,12.62,82.85,3.74,1.79,0.64,3.98,18.62,7.48,2.27,9.53,4.8,8.34,1.18,2.16,2.86,16.02,4.99,13.96,9.79,16.97,8.04,3.27,2.59,1.59,13.56,17.75,1.55,25.12,7.19,0.79,17.64,3.1,4.51,4.67,13.79,22.9,9.15,54.22,23.08,10.96,2.11,1.36,5.4,7.63,2.21,4.36,13.99,0.38,1.84,2.3,3.63,42.21,6.43,1.6,0.77,3.25,0.55,1.41,6.53,4.67,7.19,1.05,1.66,9.92,14.63,6.86,1.84,0.83,1.72,8.48,26.71,12.52,30.88,12.14,31.15,20.26,10.77,8.6,1.43,3.91
2,5.87,10.97,28.82,6.46,7.96,8.36,21.5,11.84,24.43,5.64,1.69,14.87,12.54,2.83,0.05,4.76,8.19,1.82,0.68,7.77,15.57,0.27,11.34,0.93,3.03,8.24,3.09,5.76,5.95,7.1,2.46,7.67,7.16,5.57,7.09,3.39,6.06,21.39,27.36,6.32,3.24,18.73,7.71,14.86,49.34,23.45,31.05,2.0,23.9,3.76,41.46,1.2,16.83,1.92,16.13,32.74,20.52,0.55,13.63,0.05,0.43,17.85,2.26,0.98,11.86,3.67,5.53,11.61,5.1,14.16,40.36,4.3,11.37,1.35,1.48,18.2,52.55,37.61
3,21.61,45.7,4.64,4.12,7.25,10.05,12.06,5.73,13.87,9.07,8.15,0.66,18.86,19.49,7.85,5.76,13.25,4.11,48.65,0.21,8.61,3.39,14.4,3.51,9.2,0.68,1.07,1.89,16.08,5.98,11.14,10.5,13.21,7.4,11.46,4.65,4.9,19.31,8.63,5.37,6.32,24.0,9.53,34.32,30.95,52.94,20.18,5.05,2.1,1.37,20.91,10.08,0.0,0.5,3.82,0.83,1.2,10.85,6.96,0.55,0.75,3.13,1.59,1.34,0.61,3.21,5.01,16.74,6.55,13.58,0.37,3.51,38.97,14.18,51.59,1.15,35.16,12.94,11.96,2.1,4.72,21.87
4,19.22,29.99,10.98,21.88,92.43,6.08,30.88,16.96,6.06,3.92,49.03,2.54,0.59,1.03,2.09,8.72,2.8,20.86,0.21,15.54,23.5,2.15,11.29,9.59,13.58,8.91,12.28,4.23,6.37,15.04,1.27,7.95,1.54,9.99,40.7,9.69,23.39,6.43,12.3,0.33,9.86,0.43,1.04,4.39,8.58,12.63,22.15,16.89,7.28,3.7,8.12,0.79,8.01,3.76,0.67,0.54,0.45,0.84,1.28,1.1,8.08,3.29,4.73,0.59,4.61,6.07,6.13,1.18,7.07,4.2,17.47,7.37,11.96,0.15,10.43,0.35,6.09,17.65,0.31,4.86,10.0,7.47,1.56,11.31,36.33,7.82,19.57,17.77
5,105.17,23.47,6.68,6.49,3.02,7.57,8.78,10.51,4.11,2.79,10.51,18.29,14.7,6.69,38.74,1.46,0.3,2.91,2.04,15.01,5.68,10.22,11.06,7.26,13.06,6.3,11.24,3.69,1.64,20.86,7.83,6.19,26.35,21.72,2.18,11.68,2.91,13.58,21.94,1.49,156.93,15.33,18.42,0.6,0.28,1.36,2.73,1.17,7.53,4.31,2.67,6.04,18.61,43.53,41.18,0.92,15.78,9.12,20.61,13.74,18.51,8.97
6,19.12,8.07,13.89,13.55,38.88,3.08,11.44,7.85,33.9,28.47,1.24,5.51,39.87,3.44,11.27,2.65,1.6,1.03,16.26,6.07,1.88,3.16,1.53,3.46,2.9,3.97,1.17,10.75,3.24,13.24,3.16,3.68,16.03,1.5,8.42,4.44,19.17,26.43,11.99,42.73,38.17,6.19,21.46,3.9,65.43,25.98,2.25,2.98,3.96,1.8,1.05,7.67,7.89,17.56,9.39,14.99,0.54,2.95,3.76,1.53,1.11,0.09,15.2,7.34,4.68,1.87,0.71,3.33,0.42,17.2,2.6,35.09,8.96,6.55,1.8,2.43,15.42,1.01,4.19,1.97,5.48,9.78,65.39
7,5.62,8.01,16.04,46.18,34.11,11.93,1.06,3.01,12.26,8.06,1.74,3.69,2.77,20.38,0.71,8.86,3.21,10.43,12.59,21.16,23.83,3.59,1.48,1.5,6.05,12.08,11.43,6.74,9.74,14.83,11.62,10.19,0.31,4.8,27.86,6.57,5.56,19.83,9.69,10.63,5.96,1.1,9.53,9.82,6.89,3.73,1.53,33.27,2.09,4.19,21.34,18.03,9.73,1.48,7.87,2.57,1.09,18.1,2.2,7.41,0.77,8.63,1.69,0.67,2.75,11.04,15.28,0.66,9.14,6.66,4.27,0.63,17.29,6.02,14.64,6.74,9.37,9.19,0.77,4.49,7.94,3.4,25.05,17.05,8.27,19.99,0.07,7.93,11.5,28.98,43.05
8,26.85,5.64,3.99,7.02,4.1,0.57,7.75,12.72,39.95,1.37,3.83,32.76,3.93,17.77,1.45,8.78,11.92,6.59,10.19,22.21,2.54,15.85,3.57,0.32,1.1,7.45,10.76,7.82,1.66,2.66,1.22,0.08,2.92,15.74,17.87,22.28,0.09,28.54,2.22,1.88,4.33,12.32,10.46,14.92,1.31,1.38,0.75,39.05,1.68,13.37,14.3,1.53,12.12,40.88,2.38,20.83,0.15,16.26,18.13,1.38,13.86,3.73,3.51,0.42,4.2,21.22,6.43,4.21,8.41,5.02,2.14,3.15,2.82,2.7,0.34,3.95,0.31,4.66,24.34,0.84,2.05,10.15,38.8,31.75,15.15,0.41,0.87,11.23,1.41,2.62,7.61,2.83,2.62,11.71,0.62,6.88,0.65,8.99,26.84
9,13.32,25.83,44.67,12.81,17.9,5.6,15.8,7.53,23.47,4.93,6.14,1.13,0.98,13.02,13.13,6.75,11.3,15.64,0.48,0.85,9.9,1.88,1.99,15.37,14.58,0.01,0.89,1.3,1.84,8.81,1.65,2.43,8.94,25.38,6.17,7.08,0.55,0.15,9.49,10.91,13.53,14.23,6.72,18.18,18.22,28.46,67.12,28.17,8.23,3.91,5.03,0.31,27.59,17.08,0.77,19.57,14.65,1.18,1.47,1.8,8.91,1.91,3.86,5.44,22.57,9.81,10.8,3.0,4.04,1.91,17.61,11.12,12.42,4.62,31.21,50.97,8.05,3.97,4.71,3.27,12.38,20.49
10,41.27,6.16,3.52,15.19,1.49,25.72,47.23,9.91,0.18,4.47,0.07,8.55,2.67,5.83,0.22,4.69,6.89,5.73,1.07,4.7,13.19,5.42,9.62,0.69,0.62,7.29,4.29,14.01,11.91,4.15,1.33,3.4,4.0,2.46,3.31,4.01,2.55,0.66,0.34,6.07,8.16,6.6,15.32,4.64,0.53,7.49,10.73,4.79,10.16,6.52,86.39,3.4,8.25,18.47,7.88,19.4,11.91,10.16,15.0,15.79,3.34,6.47,42.72,0.83,4.08,11.65,2.38,2.45,0.35,1.17,13.85,1.44,3.77,3.05,3.78,10.18,5.03,6.37,7.5,0.03,2.68,24.34,9.16,9.33,4.23,0.6,21.43,13.61,9.34,1.75,12.36,5.94,2.56,12.75,2.43,8.7,17.62,3.64,7.02,5.73,7.88,13.78,9.57
11,6.46,40.45,24.29,15.12,8.46,33.76,9.62,3.82,16.4,2.53,11.6,8.39,4.46,28.82,12.22,12.0,1.12,13.67,4.88,0.69,6.82,7.96,2.39,8.81,0.94,2.42,12.99,27.84,3.94,15.94,3.37,1.69,1.7,26.72,21.75,2.52,8.0,33.0,39.23,47.17,10.09,3.55,15.28,3.05,3.82,9.32,3.63,4.8,1.95,47.83,1.58,7.54,13.21,1.76,0.71,3.38,17.74,9.55,26.97,0.42,0.24,53.8,21.68,10.84,2.69,36.1,51.81,6.59
12,9.98,18.57,57.51,3.66,10.68,18.37,15.29,0.47,38.18,35.66,2.43,4.93,4.37,8.68,2.29,3.08,8.82,12.91,5.78,1.67,0.62,35.48,0.37,4.15,5.02,8.88,1.89,13.88,5.15,3.6,1.91,0.22,10.51,11.72,18.44,1.23,16.59,21.94,23.88,20.31,2.71,31.32,12.53,8.99,23.35,32.39,19.11,4.13,11.44,9.53,22.85,0.27,8.97,5.15,1.01,4.56,4.01,16.73,7.84,2.67,9.11,2.94,1.52,11.56,3.9,3.37,25.38,12.14,11.71,22.92,23.04,5.47,5.64,28.19,6.27,10.46,4.54,13.05,7.27
13,65.42,31.8,18.06,17.17,14.22,0.38,3.47,6.29,3.78,6.03,24.48,14.08,3.67,18.5,3.28,1.67,10.72,6.44,3.39,4.58,0.47,17.44,0.31,0.33,6.52,0.27,8.36,1.75,16.53,1.55,2.43,6.41,1.85,9.14,4.56,3.71,0.1,33.53,7.9,56.55,3.81,6.95,9.56,25.55,1.84,36.48,27.79,2.47,12.21,12.46,5.99,8.81,4.18,10.23,7.77,3.87,4.2,2.95,4.31,0.54,1.22,2.77,0.1,0.25,11.96,5.02,9.04,5.08,5.88,9.19,5.94,3.93,5.52,2.01,0.96,2.57,1.33,0.04,0.8,1.24,7.72,1.46,2.7,3.52,9.29,1.34,8.5,6.27,4.24,0.03,10.14,7.44,2.36,4.34,1.34,1.54,8.46,3.9,9.55,17.79,3.73,7.66,4.03,9.44,19.18,0.56,1.74,6.13,15.13,10.72,0.44,5.74
14,65.71,23.15,24.0,24.19,5.96,1.17,1.2,8.63,6.11,3.02,19.67,14.4,1.91,1.23,14.12,4.63,3.03,14.12,24.57,1.16,4.18,12.49,10.64,0.26,9.99,6.55,18.27,2.09,21.59,3.79,3.65,5.64,3.52,3.1,26.03,0.4,2.63,3.79,10.82,7.92,18.03,9.66,69.53,48.09,3.1,2.36,9.37,13.46,1.32,16.99,2.03,9.51,2.29,2.33,7.83,4.27,3.65,4.25,7.91,20.83,6.12,2.52,9.18,1.05,2.36,1.41,7.18,3.21,12.27,9.95,1.13,23.08,5.92,4.97,5.86,0.84,24.84,11.77,8.42,9.28,10.28,28.59,7.0,40.66
15,17.37,0.54,58.83,1.13,4.66,52.73,2.46,6.77,0.32,1.97,0.31,1.25,32.12,4.95,1.52,6.41,17.16,2.67,23.05,0.59,36.82,1.23,9.13,7.08,2.45,12.47,5.68,1.97,16.54,7.73,12.65,35.53,22.23,4.53,4.65,5.22,22.33,14.51,39.94,50.2,4.12,4.39,6.87,2.39,3.75,0.22,9.05,2.07,0.5,1.66,11.56,17.69,4.44,6.13,2.17,9.42,3.37,2.59,4.12,18.7,2.42,2.46,1.78,26.56,5.19,8.76,2.72,15.9,4.04,6.38,3.06,1.33,10.13,7.52,2.35,12.02,10.68,13.0,4.82,19.74,8.81,13.1,3.49,12.49,21.68,3.37,3.33,28.19
16,5.06,57.22,6.8,13.47,16.17,24.4,3.53,19.82,4.47,10.31,8.71,13.91,3.85,9.19,1.84,0.11,4.0,23.64,7.66,26.07,5.13,9.33,3.83,9.0,1.86,7.61,6.6,6.06,10.05,11.96,3.53,13.29,5.86,12.12,6.11,2.84,19.39,13.89,19.19,29.59,2.98,32.65,7.39,30.58,27.27,22.67,9.35,3.99,0.76,11.4,12.42,4.11,1.43,3.32,5.91,9.23,0.95,5.25,4.69,2.46,24.76,18.49,0.89,0.08,0.57,3.45,1.08,7.59,2.76,2.87,7.88,10.19,75.27,53.26,2.16,5.44,18.72,6.76,75.97
17,29.43,3.78,1.35,14.26,36.25,64.71,2.21,2.84,1.06,13.93,0.1,3.02,1.49,3.43,16.84,4.1,27.24,7.17,2.16,3.6,4.72,1.24,3.54,7.94,1.47,5.89,4.99,6.57,4.43,0.66,2.08,2.29,9.11,4.01,1.22,1.8,27.99,11.39,22.02,26.71,27.18,11.05,5.43,24.29,20.44,22.88,7.21,28.25,12.11,14.39,14.88,12.61,9.85,8.58,0.92,33.35,2.71,6.85,8.9,12.28,8.21,4.87,0.33,11.09,10.57,23.42,7.79,28.33,7.35,1.11,0.63,7.87,43.99,8.5,9.51,5.49,9.31,18.63,7.84,10.16,11.71
18,33.93,21.15,55.74,5.95,100.31,2.12,0.19,1.06,1.59,25.09,6.41,2.21,5.09,4.36,4.27,0.55,35.12,3.93,1.08,10.97,4.55,0.05,7.44,7.25,8.06,5.11,14.48,14.29,2.0,1.61,3.16,12.42,7.89,3.07,6.49,3.21,4.46,23.01,7.34,9.42,15.8,27.0,3.11,11.03,56.45,0.09,0.4,2.7,15.89,15.76,9.53,19.95,14.04,8.59,10.35,0.9,1.06,1.7,1.55,12.91,0.51,14.33,6.15,8.55,16.53,3.4,24.74,4.26,23.69,7.82,0.41,1.27,38.94,7.41,31.27,8.35,1.41,26.31
19,8.38,21.73,23.06,26.02,28.03,33.24,26.2,32.31,11.78,15.34,12.16,7.55,2.82,24.19,1.02,13.58,10.04,6.46,15.77,3.29,10.38,13.66,0.9,7.44,3.48,15.45,21.01,4.57,1.84,2.25,25.88,38.92,0.37,23.27,21.6,36.17,5.9,14.81,0.71,7.32,7.67,13.75,4.96,1.27,3.98,0.67,16.17,3.35,5.3,1.1,4.03,10.67,0.35,4.12,4.56,4.35,0.72,0.04,0.12,2.7,9.15,1.11,2.23,5.22,6.08,14.85,8.4,0.63,16.3,4.44,33.86,21.63,32.61,21.41,8.3,8.27,9.4,18.98,8.09,3.04
20,32.74,25.39,3.28,52.38,7.37,8.74,25.6,1.71,8.23,9.52,33.51,6.27,3.54,4.07,0.81,2.71,5.98,7.62,4.36,1.04,7.12,2.83,8.84,4.42,2.7,2.33,0.39,1.8,8.02,1.17,1.51,24.23,6.59,44.39,41.42,2.27,36.37,1.46,58.81,27.0,49.78,7.28,15.49,3.53,2.8,5.03,5.92,0.23,3.52,2.29,3.44,2.08,2.0,0.42,1.77,10.79,4.89,7.75,13.47,1.67,7.35,2.34,9.46,1.16,0.53,1.64,5.15,0.94,0.08,4.35,1.8,8.0,1.89,2.68,28.29,4.71,22.74,13.29,1.38,17.01,77.6,19.32
21,90.75,20.55,38.06,4.91,2.23,4.46,0.44,6.14,7.88,34.55,10.92,5.51,1.76,36.18,0.01,7.44,6.06,0.16,3.54,9.96,4.1,0.1,17.51,10.1,1.48,36.34,10.25,10.25,46.24,4.6,5.26,5.62,14.5,30.76,7.15,36.92,7.87,5.81,1.66,0.17,0.71,0.36,5.43,6.56,11.85,8.87,8.5,12.16,10.72,4.21,2.48,1.01,0.41,6.99,3.68,0.05,1.68,3.62,1.04,1.8,1.35,2.86,15.9,0.96,12.64,3.9,6.1,3.09,5.44,7.08,1.23,11.82,11.23,2.54,43.33,2.69,7.37,24.3,8.86,12.7,0.21,4.02,0.78,35.5,1.92,1.37,7.6,27.93
22,3.37,12.29,2.37,42.23,35.49,21.19,22.36,0.83,9.24,10.49,2.13,31.12,1.46,21.45,2.21,2.22,7.0,8.35,0.76,4.91,10.6,5.53,3.67,6.42,6.55,7.4,15.07,1.86,4.0,0.12,9.06,5.54,12.75,5.45,17.92,1.09,9.47,11.93,14.67,40.28,26.39,9.48,4.55,18.2,15.27,8.52,15.54,30.68,10.46,9.08,22.23,3.07,10.11,0.47,1.52,7.84,0.79,1.45,1.11,6.6,12.22,15.41,0.84,0.64,14.15,4.09,0.91,2.19,17.47,0.5,3.9,1.59,13.64,2.61,4.94,6.36,0.11,34.36,6.37,0.02,31.22,36.99,22.91,7.14,11.4,28.86
23,9.86,9.58,39.98,45.45,10.7,5.09,24.6,8.08,10.0,2.42,7.26,6.71,0.35,14.72,5.08,5.4,8.55,9.21,6.9,9.13,5.82,6.67,3.0,0.67,0.1,1.37,3.0,3.69,4.82,3.4,1.12,2.79,15.83,0.89,17.23,15.8,6.56,20.85,17.3,34.7,23.6,21.54,30.38,7.27,38.23,3.93,94.3,0.59,0.88,0.53,1.89,4.04,5.43,1.34,9.28,9.47,1.9,6.59,9.31,2.05,15.11,0.57,4.17,6.48,0.08,0.44,5.48,2.51,2.57,9.06,6.3,2.21,57.34,5.56,10.34,6.67,1.68,6.95,4.9,4.49,9.78,4.71,12.68,11.95,7.44,6.73,12.15,33.72
24,18.41,35.98,2.44,14.08,18.05,42.18,16.92,13.39,3.31,4.56,7.0,2.6,30.62,4.53,20.52,7.25,3.22,8.73,18.9,0.27,2.86,8.75,10.95,3.7,4.67,11.93,22.76,13.3,8.5,8.9,1.33,10.19,14.98,12.02,1.3,9.95,0.98,1.84,74.0,7.03,31.32,4.54,25.72,8.23,4.88,21.34,3.71,3.37,6.12,6.39,8.13,14.62,0.51,4.82,1.57,2.44,4.5,15.87,5.01,1.02,2.0,6.95,18.6,6.1,3.88,34.47,6.62,14.17,13.1,7.72,19.31,52.63,9.73,10.82,23.22
25,54.79,23.26,10.87,15.07,22.14,10.15,19.79,0.59,12.99,6.63,8.14,3.56,6.2,25.11,3.3,22.98,5.38,6.18,3.77,7.87,7.77,2.91,13.7,4.11,8.3,14.54,3.86,10.52,17.07,7.52,0.2,12.85,14.44,1.06,27.82,18.16,6.83,13.87,9.39,33.26,8.28,40.81,2.32,11.06,29.54,2.98,3.78,8.93,0.51,0.52,1.71,1.22,12.24,5.46,3.11,4.33,1.12,4.79,0.06,11.62,1.11,6.56,1.79,0.06,4.9,0.16,5.39,1.13,4.32,6.96,0.68,1.42,9.05,0.37,0.84,1.5,4.16,17.15,5.53,0.73,35.32,16.1,0.92,7.65,4.04,2.74,12.84,14.69,5.86,21.57,6.77,9.21,4.14,39.29
26,10.06,11.11,1.57,5.37,17.81,9.06,5.26,7.79,12.49,10.5,25.09,17.76,3.85,1.02,1.38,16.49,7.2,5.37,0.52,0.21,16.37,28.52,0.84,11.4,2.63,12.58,0.32,0.86,1.15,9.12,7.55,2.79,2.56,4.94,6.71,10.53,1.1,3.67,4.59,6.24,8.21,1.85,3.33,17.35,3.2,31.04,32.34,5.32,12.96,1.62,34.51,19.39,1.09,3.94,18.71,12.36,38.32,24.14,3.53,5.85,3.02,7.24,2.65,0.55,3.1,17.88,1.14,0.96,11.07,2.55,16.92,2.6,2.02,1.19,4.3,5.31,3.83,15.55,0.92,13.14,7.72,2.98,5.1,1.12,6.59,4.41,0.08,11.39,34.25,39.12,1.3,9.56,1.4,0.4,10.89,7.37,1.15,5.73,75.01
27,1.92,46.45,1.48,57.86,101.42,1.14,2.05,8.7,35.61,7.42,7.28,12.18,5.84,9.45,2.48,21.93,5.36,5.62,1.84,16.84,6.02,3.21,8.97,0.4,3.68,16.98,6.31,9.92,7.49,2.63,18.78,18.8,74.53,0.97,10.97,13.35,2.69,12.11,7.57,12.11,17.82,0.14,14.86,27.78,13.25,12.47,0.36,3.44,13.36,20.4,8.95,10.16,1.82,7.7,1.58,14.6,6.27,9.85,2.07,10.52,4.46,42.77,5.3,8.29,0.59,11.71,17.03,4.31,14.42,8.01
28,11.36,7.13,14.48,5.32,4.1,2.74,5.38,12.43,60.12,0.12,0.4,9.61,1.26,5.7,6.52,6.92,7.18,18.09,26.09,33.21,9.41,2.72,4.07,6.09,3.41,11.68,11.98,0.6,4.48,3.13,3.23,0.21,10.1,8.5,3.46,25.53,10.87,3.29,15.41,18.25,10.13,15.82,7.89,0.33,15.47,4.96,10.77,9.67,13.09,11.68,14.45,51.35,4.97,18.43,5.44,1.35,16.52,10.11,0.3,0.8,4.88,2.66,2.15,13.4,3.71,0.92,14.23,3.52,3.24,5.41,2.12,2.67,11.07,3.62,1.53,0.67,3.48,4.72,10.66,3.77,1.94,12.03,5.74,45.4,19.27,3.94,5.97,18.02,1.39,7.03,10.52,1.45,4.74,14.68,10.94,26.45
29,55.34,8.12,10.73,12.88,2.71,24.23,10.0,3.67,8.92,3.85,2.14,5.33,3.9,4.89,1.61,2.09,20.46,5.5,4.22,4.39,8.35,26.6,9.29,12.89,10.86,0.25,20.12,0.8,4.08,2.09,1.31,0.41,2.78,1.64,14.64,17.81,1.78,2.69,8.39,13.0,26.65,13.45,12.73,0.45,5.44,12.16,3.69,2.3,29.19,24.11,25.23,17.69,62.48,5.77,31.28,0.05,17.78,8.95,0.8,5.28,2.21,3.25,2.04,0.23,13.77,2.33,1.43,6.33,0.34,2.11,7.1,9.01,14.16,2.9,21.4,5.14,7.8,11.83,15.3,7.2,33.28,9.1,2.27,18.56,5.51,25.91,13.32
30,6.3,0.2,17.18,11.38,6.37,4.61,22.27,15.63,4.45,11.74,3.34,1.55,14.63,41.02,1.45,21.3,24.94,20.66,6.08,11.23,2.85,6.01,0.64,5.48,9.18,0.22,3.31,5.73,1.79,6.04,25.84,1.97,8.17,8.89,4.39,2.45,7.13,4.13,1.75,1.45,1.07,1.87,2.19,17.38,3.17,21.93,21.85,14.33,63.25,18.16,30.83,6.85,12.39,26.04,10.57,2.18,4.54,10.94,5.54,2.66,0.47,6.05,11.06,1.67,1.34,4.75,1.36,1.18,15.9,2.1,12.12,3.74,4.7,8.94,0.31,22.02,4.35,12.53,33.51,10.67,16.08,53.04,29.07,12.91
31,4.24,5.96,59.48,46.15,7.83,7.11,33.26,15.81,17.43,3.14,1.6,1.38,1.27,7.25,5.44,11.42,6.23,7.83,0.04,2.58,2.01,21.65,0.39,2.53,0.56,1.28,0.16,3.72,0.64,6.21,5.94,7.1,1.23,7.6,9.4,23.21,0.47,3.13,6.08,5.75,27.7,1.6,6.74,15.88,33.67,32.84,31.58,4.4,20.99,11.85,0.74,6.08,24.0,26.18,0.48,3.58,18.33,5.11,0.3,28.36,1.57,0.53,0.55,16.25,10.19,0.82,18.36,3.16,1.45,1.84,9.31,11.04,29.12,4.15,36.89,53.52,2.82,15.69,2.94,17.04,6.8,9.2
32,26.62,50.44,6.65,42.79,3.42,7.91,5.35,0.8,6.18,4.43,2.02,3.61,9.12,13.49,8.31,22.48,5.91,8.53,2.93,5.3,16.28,2.0,4.63,2.48,3.55,0.46,0.2,20.15,8.8,8.34,11.65,20.84,14.85,12.44,97.6,16.87,6.1,1.64,3.09,26.8,7.18,11.36,49.61,29.15,2.64,5.99,12.17,7.79,2.48,4.64,2.8,8.24,19.88,13.65,6.65,3.12,1.02,2.25,8.86,9.1,7.32,49.07,1.36,2.64,26.24,13.03,0.07,8.67,0.86,23.06,15.83,0.19,32.06
33,0.74,22.37,8.57,3.91,34.69,18.05,2.56,21.25,6.37,16.05,5.57,14.08,24.59,7.38,11.1,8.47,1.59,10.78,26.83,12.8,4.4,11.73,6.91,10.99,4.64,1.12,0.99,0.67,4.06,11.6,17.06,11.08,17.61,11.84,10.26,4.99,5.92,25.73,9.17,35.3,9.27,9.37,109.95,12.31,8.07,17.22,5.2,4.48,5.25,11.55,3.02,6.68,2.15,1.89,1.54,0.51,2.83,16.39,5.89,2.96,6.4,0.27,0.12,1.66,8.16,1.03,14.34,22.56,3.23,92.46,13.61,7.99,36.89
34,5.31,13.23,66.17,130.65,6.09,3.06,3.34,18.58,6.57,7.54,4.3,5.22,16.53,6.75,4.41,2.16,6.94,31.02,3.11,13.55,14.7,21.68,39.01,1.41,6.1,25.34,4.09,7.89,30.7,24.63,20.79,1.15,3.5,12.99,15.36,17.0,1.1,0.68,13.17,1.81,10.32,3.05,9.52,5.54,5.84,3.99,8.69,4.76,5.68,33.54,0.94,0.52,11.93,11.43,0.05,7.49,3.08,4.94,13.44,24.39,0.71,3.26,7.74,17.67,25.03,8.98,15.53,15.24,14.2,7.78
35,15.23,1.31,5.35,4.02,8.94,11.32,6.51,15.16,17.64,69.39,0.5,3.51,8.07,13.12,53.99,10.84,2.1,3.84,5.62,8.42,13.78,10.25,2.14,3.89,0.2,5.44,8.06,0.13,3.66,19.53,0.22,16.02,4.13,4.78,12.04,10.85,6.25,18.87,18.64,1.94,38.53,0.31,39.64,0.9,32.85,28.46,0.16,9.9,5.03,11.28,13.43,9.26,19.19,4.03,0.12,1.13,5.25,4.11,3.4,3.01,1.16,1.69,2.15,3.41,7.35,3.35,2.24,4.25,5.08,0.07,8.08,5.92,2.31,1.9,9.45,7.49,2.79,0.4,2.4,19.81,51.01,31.72,31.44,0.97,1.11,1.69,1.34,18.75,5.44,2.97,20.88
36,24.2,25.46,35.52,0.13,52.47,6.0,22.5,2.39,0.54,0.58,1.07,23.98,31.36,0.79,19.07,7.38,19.12,3.08,11.2,1.69,6.75,0.64,7.52,10.58,0.04,6.2,0.34,24.6,4.72,14.57,5.86,6.49,2.46,4.71,45.43,10.26,20.83,27.43,4.13,24.82,54.2,10.66,4.71,24.82,8.15,2.66,2.37,7.72,12.19,2.78,4.52,7.02,3.02,0.2,4.68,0.25,21.05,7.91,8.23,2.6,0.59,6.93,1.82,10.75,21.34,2.61,25.61,6.21,15.63,4.46,8.97,5.8,6.93,1.76,1.15,18.32,4.66,14.06,10.13,7.85,1.54,55.37
37,19.56,23.35,11.37,2.7,39.62,16.98,3.56,24.73,6.03,14.35,1.94,17.93,0.9,27.68,1.25,2.48,17.37,1.17,37.25,0.35,2.51,11.78,5.72,2.35,5.66,10.38,2.94,1.71,28.07,5.88,21.37,6.36,14.4,57.54,11.93,41.75,0.11,2.46,13.18,6.37,17.8,2.62,1.79,44.43,2.74,15.91,3.11,14.72,0.64,3.1,7.85,0.17,1.05,8.71,2.22,1.85,3.74,15.59,4.0,1.28,1.12,19.5,8.58,0.62,2.8,5.78,3.42,5.8,17.85,45.77,2.25,11.91,22.32,9.35,3.97,5.19,0.57,22.05,8.66,9.96,15.89,33.39
38,11.6,6.92,1.53,1.45,5.13,38.54,13.7,30.94,19.37,14.39,0.39,28.29,1.82,0.58,1.52,11.34,7.84,31.81,4.76,4.64,6.9,13.29,0.07,22.33,0.08,1.54,1.99,3.26,24.56,5.53,3.31,7.81,4.35,5.65,11.15,0.44,1.95,11.67,19.35,13.45,11.25,1.72,3.4,4.2,17.7,5.55,12.21,1.78,8.75,3.94,87.46,0.31,1.09,11.81,2.6,38.67,0.42,8.86,3.42,13.45,3.56,0.62,2.6,11.71,8.68,5.89,2.23,8.49,1.45,4.7,2.71,3.86,1.16,11.33,7.82,2.99,7.71,1.79,0.85,21.36,11.59,0.35,13.21,30.85,9.6,0.49,78.19,5.54,7.74
39,35.13,6.59,39.04,28.49,4.47,15.87,3.51,5.0,2.21,14.35,1.92,1.76,2.38,17.8,2.82,1.48,1.5,5.34,2.6,10.17,15.58,11.01,4.15,5.91,11.72,9.3,2.02,9.51,3.85,4.5,2.67,7.28,2.36,21.6,10.49,0.57,6.56,6.65,8.09,23.38,7.47,32.94,1.0,10.0,44.95,6.08,5.22,4.42,17.97,22.68,111.2,0.74,3.61,6.08,1.7,9.04,5.01,13.51,3.0,2.03,1.98,0.49,1.4,0.03,1.92,1.39,14.64,3.55,1.0,1.85,2.56,2.78,9.88,5.08,17.12,1.04,23.53,6.11,5.92,19.1,2.35,0.1,12.39,57.46,2.59,17.97,10.89
40,20.04,2.02,10.92,19.91,58.49,24.44,8.21,2.34,0.03,5.64,1.38,15.38,0.77,22.09,27.28,1.75,17.43,21.79,0.45,0.95,2.33,1.59,1.32,2.45,4.26,2.56,9.66,1.97,12.53,11.93,7.35,0.81,1.21,4.21,3.06,23.05,38.6,3.32,12.52,20.4,15.68,4.85,48.16,20.33,29.05,2.3,2.96,22.8,4.93,0.81,4.39,4.11,2.45,3.36,3.91,3.48,2.61,3.35,15.82,17.98,8.3,2.08,0.05,3.23,0.99,0.68,1.37,7.11,4.65,10.7,1.54,3.25,6.84,4.22,0.09,0.83,3.03,6.9,5.17,16.34,10.58,21.85,11.62,31.32,5.47,2.71,27.03,4.31,6.06,5.17,6.15,11.43,6.21,8.43,21.71
41,13.31,15.71,30.16,14.73,14.6,0.18,12.14,13.5,6.16,6.52,6.08,12.69,6.11,4.87,16.71,1.74,0.55,16.12,3.37,10.19,19.8,7.7,11.89,12.41,5.35,2.43,0.54,7.48,5.82,11.0,0.95,16.71,60.8,13.38,2.7,8.29,8.21,17.32,1.31,27.04,15.07,3.07,3.06,17.73,10.46,7.87,1.18,12.22,2.12,8.15,38.14,2.06,17.67,19.27,1.96,0.21,11.67,5.03,2.05,16.26,5.11,6.89,3.78,3.95,8.7,10.09,5.0,12.8,3.68,7.38,3.14,3.02,0.62,0.8,4.36,1.3,14.86,2.85,21.48,3.98,38.07,15.78,6.19,8.78,26.89,0.2,3.75,25.63,4.51,1.95,41.07
42,13.79,20.65,14.26,26.0,110.05,12.09,2.95,4.02,2.67,1.13,1.73,14.44,6.43,1.78,5.93,9.44,17.53,5.79,14.59,4.99,1.11,9.54,17.98,0.36,5.01,11.09,10.91,4.45,3.31,6.92,11.36,42.15,7.41,8.54,17.65,0.47,18.21,3.26,4.87,6.8,4.26,5.8,8.41,42.73,29.34,10.94,7.87,16.21,5.24,0.02,11.48,12.88,8.37,8.31,1.13,11.98,3.63,5.97,10.88,8.94,2.18,2.79,8.49,2.21,4.09,1.69,5.13,2.6,1.59,14.12,7.87,1.51,4.77,1.37,25.82,3.6,6.83,17.16,15.52,9.92,6.8,21.47,23.82,12.72
43,48.61,21.39,39.64,3.34,16.3,14.13,4.58,5.17,13.45,0.4,10.08,6.95,0.5,2.03,5.21,8.96,5.51,15.76,9.68,22.41,12.1,13.5,6.21,3.21,0.17,7.74,1.87,16.33,9.67,4.29,23.78,6.81,10.65,1.64,6.38,23.39,7.12,13.85,1.22,7.4,16.72,32.06,44.76,10.96,8.78,6.4,7.74,1.68,13.45,9.39,9.92,12.06,12.71,9.6,6.69,3.04,6.08,5.68,3.82,7.07,4.85,16.2,2.1,5.0,4.65,8.74,1.54,14.85,8.7,25.4,4.91,18.36,12.5,9.96,40.65,77.95
44,0.75,2.84,13.56,25.81,1.03,3.33,12.1,10.65,17.25,39.96,0.45,8.51,2.59,2.04,13.12,6.33,2.75,9.77,1.89,22.36,21.67,20.77,4.02,2.09,6.6,7.12,3.15,4.68,34.23,19.66,43.18,93.62,27.14,43.66,60.22,4.27,11.91,8.51,0.22,3.61,1.29,7.05,14.43,8.63,8.9,3.47,6.11,2.35,0.34,0.77,5.0,10.75,2.79,13.56,18.19,16.19,15.35,2.34,0.76,17.88,0.9,1.31,0.38,12.43,11.26,11.63,59.23,2.23,12.83,4.97,11.3
45,35.96,16.6,26.19,16.98,7.26,3.69,9.28,3.32,30.27,0.22,1.89,1.31,2.52,6.23,6.47,5.66,0.93,1.01,5.01,18.61,17.98,1.05,12.28,3.7,8.05,7.35,9.22,3.53,0.33,3.32,7.6,4.26,13.75,5.69,2.72,0.78,9.51,2.38,2.15,24.3,14.24,11.65,3.75,11.15,54.17,4.88,11.61,27.89,3.77,30.64,40.59,1.62,0.51,37.72,0.91,4.07,1.12,6.31,6.27,14.75,8.28,4.31,14.61,0.55,1.7,6.12,5.98,9.84,4.1,4.53,0.87,3.81,2.89,0.35,11.41,19.98,8.75,15.81,2.61,8.14,11.2,5.67,25.29,20.93,31.87,6.25,2.9,49.32
46,34.56,73.38,17.65,5.1,4.61,3.07,19.54,2.03,9.83,1.35,4.04,19.59,7.51,33.17,5.28,23.74,6.84,3.81,3.88,12.18,16.25,12.51,0.99,2.76,12.89,1.8,1.13,10.25,17.02,7.62,11.79,24.31,22.68,4.77,33.62,10.99,14.09,1.21,0.07,9.34,4.97,6.95,2.89,7.86,8.06,1.96,6.86,4.65,3.02,5.53,2.74,4.67,7.34,1.01,10.12,11.36,31.62,0.4,0.68,0.67,10.2,21.02,0.77,5.87,3.97,0.82,12.69,11.92,20.15,5.45,6.8,4.72,4.02,24.4,3.49,13.28,1.65,0.57,3.25,13.82,1.14,23.81,1.89,6.76,13.55,3.22,34.56,5.73,48.26
47,1.92,4.38,12.03,15.55,39.98,20.38,2.17,36.87,0.72,2.11,17.41,11.03,19.99,7.46,19.29,13.9,6.61,15.88,10.17,15.68,14.42,3.63,5.17,0.82,1.57,4.48,5.35,8.59,4.33,1.43,10.56,5.39,54.95,39.09,11.48,19.21,25.14,12.58,5.55,29.27,13.05,2.06,7.72,23.44,16.05,2.98,4.68,0.46,2.3,0.38,3.24,0.16,18.57,2.62,0.69,1.41,0.3,17.97,5.06,0.31,8.15,9.41,2.45,2.06,0.82,13.07,0.06,1.5,13.83,9.91,3.36,1.58,5.54,21.4,10.35,17.7,17.57,5.04,10.34,0.36,7.96,4.94,9.67,4.33,7.66,18.28,20.33,38.7
48,34.89,30.36,27.14,5.66,14.97,16.07,5.8,5.23,4.57,35.83,11.21,47.69,10.81,1.94,8.31,0.83,16.51,5.4,2.18,5.14,4.92,0.1,3.46,1.14,21.09,0.81,1.12,2.28,2.96,21.16,2.76,9.51,1.52,0.31,0.07,29.14,3.74,0.54,5.76,29.59,7.0,0.95,20.07,6.7,5.13,64.9,17.14,11.52,2.81,6.53,2.31,2.8,13.42,14.48,1.67,0.23,14.06,2.17,9.52,5.36,7.16,3.1,0.94,0.48,11.48,1.94,2.64,8.11,4.13,0.96,9.3,13.25,2.74,24.7,10.8,63.32,2.8,0.5,4.03,10.08,4.15,35.26,1.23,18.37,1.01,4.63,13.75
49,18.54,6.36,18.78,29.58,1.48,33.84,14.68,8.0,0.9,11.17,5.25,0.96,4.25,3.78,1.54,8.1,29.07,2.17,0.34,2.79,3.74,0.53,1.29,2.42,2.79,16.32,9.6,7.18,5.46,9.4,2.39,2.63,5.11,6.63,6.2,11.47,1.42,2.66,12.77,7.4,7.89,9.1,20.15,11.44,25.1,16.52,0.95,4.15,0.29,4.22,11.71,2.15,14.94,19.94,2.54,4.0,5.13,43.06,14.23,1.3,30.9,23.88,19.44,8.1,0.18,0.65,4.82,2.84,9.8,20.71,0.09,11.25,4.33,1.06,38.55,3.44,7.48,2.77,6.7,6.47,4.37,7.49,9.54,44.9,6.97,0.4,15.82,1.05,3.04,5.22,7.73,20.82,14.16,2.3,17.1
50,15.45,13.23,29.31,13.46,2.99,11.44,10.84,17.28,48.07,9.89,3.42,0.42,1.52,14.74,14.1,1.29,7.52,8.61,1.6,4.41,0.22,14.2,4.42,2.32,16.94,1.79,6.93,1.67,1.21,7.94,6.38,0.25,2.56,6.74,2.41,22.49,9.65,8.1,2.71,1.18,8.4,6.78,18.54,4.12,1.91,43.18,8.78,1.73,20.92,5.97,0.25,5.57,7.88,3.33,6.77,29.2,18.29,23.16,5.46,13.08,17.71,14.54,3.82,3.75,0.35,4.29,1.99,0.22,2.19,1.13,2.03,2.23,12.94,4.62,0.28,3.53,2.57,14.43,0.97,10.54,4.19,11.86,3.35,2.92,3.8,2.31,1.23,8.78,1.35,43.92,22.3,13.94,22.32,37.16,10.93,0.8,27.73
51,32.36,49.63,45.63,18.97,9.3,2.1,5.57,0.08,0.07,11.72,2.88,1.75,0.8,12.24,1.45,11.76,1.03,30.0,30.76,3.42,2.27,2.96,4.29,1.67,2.36,11.28,0.22,10.46,4.86,25.59,11.14,5.23,22.94,11.73,22.43,7.77,4.79,22.51,32.02,28.3,28.87,17.46,6.16,1.59,14.13,3.55,4.51,0.31,18.83,20.06,9.84,5.03,4.75,1.15,2.8,5.74,0.64,11.94,13.45,0.56,17.29,18.18,3.02,4.09,36.6,14.05,0.99,5.34,16.37,10.11,2.75,11.82,0.26,14.71,1.34,23.41,84.83
52,26.62,7.8,19.9,21.27,8.21,13.96,6.45,8.31,34.74,1.56,3.08,6.11,17.02,16.49,7.28,5.97,6.63,5.65,9.76,20.19,3.4,6.85,2.87,0.96,2.39,2.39,3.9,1.53,2.65,1.68,2.07,0.55,0.65,13.52,4.44,7.98,12.33,12.19,8.93,11.58,4.78,8.26,16.65,12.09,31.04,29.44,38.23,5.38,35.0,15.26,15.24,0.93,8.1,3.06,4.83,2.73,6.36,11.07,2.59,1.24,1.02,4.08,3.92,0.39,4.55,8.86,3.02,8.5,13.88,2.5,0.03,11.26,3.88,16.71,7.86,3.45,1.47,12.34,0.9,32.14,32.15,41.18,0.6,9.48,19.31,14.18,59.47
53,28.32,40.12,12.51,10.59,6.43,8.29,40.6,6.41,2.09,3.25,2.47,2.43,9.99,5.6,3.63,2.74,11.12,21.41,5.04,1.75,12.02,17.52,4.37,7.87,1.72,6.72,0.91,7.97,6.07,3.12,3.71,0.57,2.34,0.67,4.42,4.36,7.31,7.03,7.96,2.98,1.68,2.61,6.57,50.41,13.24,8.73,24.19,21.26,43.76,27.63,1.46,4.79,11.97,5.86,0.98,42.41,10.86,6.89,3.05,6.41,4.98,2.97,2.24,2.89,11.92,12.91,17.47,1.74,5.36,0.67,1.48,10.19,2.12,6.95,0.62,2.97,3.03,5.71,95.84,4.7,8.78,7.84,4.08,14.64,14.59,2.44,0.04,11.23,54.11
54,11.41,50.14,23.62,102.3,0.2,5.65,19.14,11.83,1.54,21.88,2.46,1.01,10.13,8.4,2.05,30.58,25.12,23.85,2.78,34.54,6.35,22.81,9.8,17.82,59.16,12.1,11.83,23.59,38.56,44.93,15.84,3.05,14.31,0.15,8.28,5.5,0.16,9.78,4.15,6.26,2.95,0.92,2.75,7.52,2.99,25.3,10.19,9.37,0.74,9.69,11.2,7.96,3.82,6.97,2.07,23.83,6.69,0.97,19.53,9.33,10.12,0.51,20.5,32.13
55,48.9,6.79,21.14,17.34,39.65,6.12,12.88,1.2,14.23,5.07,5.06,13.51,2.05,6.37,15.83,37.1,0.79,1.73,0.41,2.26,15.29,17.95,6.54,3.58,13.14,10.0,2.74,4.26,3.96,4.98,1.21,0.15,4.84,3.34,12.35,20.2,11.6,2.19,4.04,3.15,1.62,16.7,12.46,17.12,96.59,36.88,3.26,17.05,10.85,0.31,4.08,5.22,7.57,5.78,5.09,3.8,0.71,9.24,1.58,21.96,0.84,1.66,27.24,0.79,0.11,3.19,8.02,4.99,18.69,10.5,3.67,13.54,21.72,20.15,26.27,41.25,0.69,11.48,22.53
56,0.39,25.86,61.71,8.66,1.21,35.81,1.09,2.1,5.83,3.65,2.65,7.17,2.09,4.82,18.75,43.62,18.13,6.23,0.13,6.08,4.44,27.42,3.08,21.3,6.29,23.56,4.48,9.95,9.88,3.85,17.87,27.12,4.41,1.18,31.17,19.26,9.58,5.76,13.76,12.52,18.22,11.31,4.78,4.38,1.58,0.97,4.88,3.16,9.05,34.36,1.26,0.19,1.53,5.63,0.84,0.84,5.66,10.18,0.88,1.46,2.44,21.6,2.99,1.25,2.47,6.74,0.66,5.17,7.19,18.34,17.54,13.22,9.07,6.78,24.85,2.1,6.24,20.83,0.81,2.48,12.3,12.53,33.48,34.06,1.4
57,40.98,28.58,4.3,35.19,28.21,0.05,2.96,12.58,6.92,12.9,6.82,30.11,0.73,19.28,0.07,20.44,0.87,2.31,5.95,2.15,1.68,1.7,2.05,1.29,7.86,5.94,7.72,0.7,11.12,5.48,10.16,11.96,3.0,0.67,9.6,28.5,4.12,26.69,8.3,7.59,16.16,20.91,24.17,20.54,25.12,44.33,14.84,0.99,10.19,22.28,2.63,20.6,11.66,24.72,1.99,5.43,7.61,14.8,7.74,5.61,7.84,6.12,9.07,22.27,11.24,22.03,24.39,3.06,2.59,28.46,0.95,37.24,1.27,4.49
58,40.16,1.37,10.37,5.09,9.95,47.96,1.3,30.15,3.75,10.56,5.39,10.85,10.11,8.54,4.41,23.7,5.48,52.46,1.56,1.92,8.22,11.21,5.13,13.53,21.36,2.5,21.38,3.32,29.89,21.95,8.54,5.56,59.26,1.5,13.5,26.65,10.13,4.45,28.63,2.45,2.34,0.78,9.54,1.18,1.43,8.01,4.49,0.4,11.39,8.61,3.9,0.58,1.48,7.48,0.02,10.82,6.1,1.82,10.98,2.39,0.33,19.78,1.72,0.07,3.41,4.78,2.31,1.45,0.61,10.48,15.97,1.65,4.48,103.38,45.48,8.53
59,4.36,3.95,20.73,25.55,17.1,13.48,16.0,63.59,0.32,10.07,10.94,7.82,0.88,2.71,3.76,0.79,6.94,6.11,3.49,4.34,4.15,6.86,11.05,10.92,15.11,0.71,8.9,0.09,8.55,7.02,4.11,6.16,8.0,39.84,13.21,46.95,5.83,17.5,25.01,26.37,8.89,15.1,40.39,6.24,11.07,5.35,3.13,18.16,13.4,3.26,8.76,1.0,2.05,21.9,1.57,2.86,4.76,8.1,0.92,11.43,4.85,1.5,25.8,7.23,1.56,0.46,0.2,1.47,12.98,7.08,20.02,4.69,12.11,1.98,9.67,8.39,5.52,25.93,19.09,2.99,10.01,9.93,5.2,5.4,2.47,1.08,3.35,2.62,2.24,17.93
60,40.13,21.55,23.32,40.82,1.85,15.53,0.4,2.58,41.78,18.52,7.39,15.92,2.18,2.7,6.08,9.62,5.36,7.63,6.22,0.18,4.4,8.92,8.89,8.79,15.5,0.63,47.31,4.07,5.46,13.76,3.34,15.45,6.42,8.09,16.99,2.11,60.1,2.08,8.73,17.0,7.29,0.45,3.11,43.04,16.39,5.95,5.53,23.9,5.21,1.85,4.39,3.12,5.98,12.88,1.6,7.87,2.15,15.39,3.97,1.77,4.04,11.14,6.35,3.59,30.97,18.8,7.41,8.41,2.75,19.33,6.85,44.12,11.39,2.16,6.13,29.96
61,6.18,56.39,3.29,24.29,32.38,5.06,3.61,3.97,4.21,6.99,35.66,19.38,4.12,6.71,1.89,7.9,2.93,0.9,2.3,16.42,0.7,1.11,4.1,8.79,6.62,9.3,2.64,19.62,0.74,0.22,16.44,13.79,21.03,14.24,32.04,13.15,20.09,18.14,47.89,0.48,0.76,15.55,18.17,9.15,0.52,19.58,8.19,1.98,31.35,3.76,3.37,3.07,13.55,10.35,0.07,5.74,4.48,8.1,3.83,0.53,14.63,1.31,12.41,3.69,4.11,1.65,2.58,0.61,2.81,9.3,13.52,11.92,58.45,2.02,0.74,72.82,15.79,6.48,2.74,24.14
62,4.62,76.01,23.68,13.02,2.11,6.31,7.16,1.04,15.21,12.31,40.07,2.1,0.42,7.46,7.17,0.45,0.84,0.66,13.15,30.68,1.94,4.46,5.1,5.57,0.79,15.4,0.87,4.79,14.06,1.79,1.14,15.27,11.98,24.34,3.13,4.14,10.52,7.11,28.19,25.3,14.28,20.78,9.45,20.99,28.21,1.69,18.49,1.91,1.6,6.65,33.23,24.94,1.99,0.78,2.88,1.26,4.41,4.19,3.98,12.61,30.17,6.92,7.73,1.08,3.15,19.39,27.54,38.39,16.88,0.45,33.58,11.01,5.95,22.9,4.4,6.78
63,11.93,5.35,8.69,58.95,48.09,6.0,5.32,4.81,19.58,4.77,5.3,0.15,2.08,10.71,2.12,7.56,22.26,1.12,12.0,1.69,5.2,17.77,0.11,14.38,5.95,5.88,0.15,2.33,5.52,6.09,7.72,5.48,1.13,21.78,1.33,24.14,11.16,2.06,26.39,7.59,14.0,27.9,17.23,4.62,75.54,1.41,14.06,6.05,1.78,55.24,0.6,0.29,0.41,3.49,8.3,2.94,14.22,1.2,2.95,2.59,4.91,3.1,4.13,8.79,4.23,2.64,3.84,6.55,2.83,1.28,5.43,3.23,2.1,3.43,16.2,0.15,0.42,20.12,15.62,20.65,25.17,41.28,2.81,16.9,1.98,12.64,2.0,21.14
64,17.02,4.73,7.42,2.78,11.1,57.28,3.85,2.1,10.08,10.72,17.99,2.42,4.84,1.48,8.63,1.94,4.65,2.52,10.59,7.99,0.08,5.78,20.42,0.42,9.26,12.39,5.85,7.08,14.57,2.09,13.05,6.05,2.62,10.06,1.0,32.32,0.5,1.31,17.02,9.27,66.42,28.0,15.08,35.44,21.26,7.93,11.97,4.13,15.69,1.93,8.34,25.33,26.78,4.34,2.85,4.61,13.25,1.64,13.53,3.45,8.36,1.49,4.04,8.15,12.27,0.95,27.08,2.34,2.36,7.05,23.48,5.44,17.99,16.3,41.61,13.69,0.84,3.37,24.3,6.53
65,79.39,20.97,13.66,59.7,0.95,1.4,4.45,9.76,29.06,21.41,6.84,0.2,2.99,1.15,32.37,11.09,0.79,0.29,6.16,0.19,3.83,14.91,3.27,3.35,25.76,7.78,4.24,28.31,19.21,25.61,4.64,50.75,27.05,8.83,2.16,16.59,5.17,11.17,3.11,10.81,4.42,18.58,4.19,0.75,9.97,3.13,0.97,5.25,7.19,40.93,1.64,8.55,1.39,0.3,1.41,17.14,6.23,0.92,1.66,8.41,16.03,13.9,8.87,25.36,23.3,6.07,25.69,24.01,13.86,12.21,43.18
66,17.15,2.28,20.37,7.44,65.93,18.1,13.53,5.22,15.17,7.01,7.42,7.62,1.9,35.97,3.35,0.12,3.52,4.0,15.23,14.27,10.38,5.87,4.92,5.18,4.68,3.52,7.72,8.04,3.21,43.05,14.7,22.58,7.87,46.89,3.55,9.55,33.69,7.01,75.78,23.1,4.66,2.96,15.31,3.96,15.96,2.65,1.51,26.23,1.8,0.16,8.73,1.46,5.82,2.72,5.43,16.52,0.79,24.2,10.32,7.73,14.86,21.96,2.26,15.28,2.37,7.94,5.27,9.41,34.04,16.36,4.99
67,20.04,8.32,0.62,12.32,6.54,3.2,6.57,9.97,6.12,33.13,31.59,0.63,2.38,5.07,3.54,14.12,8.8,0.33,8.46,5.87,5.72,0.94,5.59,25.02,5.7,18.85,4.44,4.49,2.9,0.5,4.83,1.79,0.92,2.51,0.99,12.22,10.07,10.09,8.97,5.84,9.23,1.63,1.11,8.27,5.69,0.74,0.27,17.2,2.31,7.19,5.34,12.43,20.05,19.39,6.29,48.11,1.94,12.62,36.73,41.58,7.85,19.94,1.59,15.64,15.55,18.19,17.95,2.81,9.5,6.86,13.14,16.31,3.09,10.24,18.86,3.61,1.11,28.56,11.56,0.61,7.46,2.4,16.16,17.84,39.3,38.33
68,23.81,66.03,34.09,1.43,7.89,7.27,0.55,18.46,1.27,10.14,15.28,5.73,3.65,1.96,1.78,8.41,2.5,72.1,5.07,12.49,3.95,2.71,0.73,29.59,0.67,14.4,8.4,0.53,5.83,2.74,55.61,17.0,50.74,8.49,10.39,18.56,24.86,20.84,8.63,9.45,20.28,5.62,3.32,8.3,3.92,14.52,4.94,4.85,1.76,15.26,3.38,4.62,25.51,0.86,0.78,1.36,5.77,2.41,2.29,39.02,6.87,2.43,5.13,7.01,10.46,12.51,37.08,3.78,1.13,1.15,22.59,0.78,22.52,5.19
69,1.94,29.32,8.74,29.98,25.82,0.25,3.52,54.38,7.83,5.65,4.94,6.2,20.52,31.87,6.25,9.17,3.95,3.72,0.42,2.25,2.41,12.15,2.95,0.17,0.45,0.18,0.75,7.61,1.78,0.29,0.73,3.19,4.83,4.1,31.61,5.2,3.01,2.82,5.16,14.92,28.13,13.86,8.51,13.57,24.31,18.41,30.6,6.43,25.57,4.59,5.04,39.52,0.84,1.22,24.09,5.08,8.18,3.81,30.3,4.78,8.0,0.23,1.28,1.85,13.48,2.1,3.55,0.2,1.43,3.0,10.47,2.48,0.63,12.94,2.07,37.11,6.57,23.65,11.74,10.16,1.39,24.39,16.04,2.28,2.44,2.27,41.27
70,18.64,39.95,79.68,4.37,13.42,3.04,4.74,4.17,5.29,17.04,4.88,21.25,4.76,6.64,1.02,2.44,8.02,19.01,1.35,7.23,1.01,26.78,8.29,13.75,0.37,1.61,7.05,4.36,6.85,28.21,29.59,0.64,23.12,42.95,1.09,4.46,3.85,4.91,5.11,4.42,11.92,3.21,9.4,0.18,16.46,3.41,8.78,15.01,20.11,1.24,18.82,8.46,12.38,0.11,0.05,17.43,0.25,9.01,5.89,12.96,0.11,14.72,3.77,16.46,2.64,2.85,0.43,1.06,0.08,4.8,2.61,2.67,26.19,10.42,8.8,5.77,6.77,18.96,13.92,16.35,6.5,19.5,17.93,6.25,14.18,10.94,5.41
71,0.12,0.52,30.56,19.37,31.59,24.14,26.49,3.27,7.74,17.48,6.86,1.71,16.38,2.94,14.49,3.72,16.76,7.62,1.88,16.25,7.19,1.26,1.41,5.19,9.35,1.7,13.16,3.25,1.06,0.63,2.23,6.06,44.34,12.06,4.27,1.65,26.48,22.49,1.26,2.08,38.65,6.64,0.62,24.77,10.34,46.11,2.28,14.28,15.13,13.44,4.26,1.77,1.76,5.53,0.72,1.14,2.3,12.02,3.14,5.07,4.89,1.68,2.4,6.94,1.77,0.42,3.58,0.92,0.88,0.32,32.91,0.63,7.1,10.76,2.8,4.62,8.51,1.36,19.35,5.68,5.14,8.31,24.74,53.86,6.99,17.31,13.68,0.18,14.07,6.11,0.84,11.45
72,80.86,35.99,6.6,1.61,0.67,0.8,1.25,1.7,12.09,15.79,3.49,14.25,1.11,0.41,9.19,9.4,2.58,17.6,0.24,2.09,9.85,10.18,0.82,8.42,4.15,18.54,2.57,6.55,2.1,11.33,3.45,6.59,0.45,0.36,14.34,33.69,1.4,4.11,1.51,11.54,15.22,6.85,31.54,6.69,27.9,10.75,3.2,6.72,1.41,26.62,15.37,0.5,32.09,0.08,3.74,28.32,1.98,1.53,6.59,9.37,12.05,28.85,1.49,2.45,1.87,9.11,19.21,0.63,11.88,4.88,2.36,9.35,12.17,7.88,16.06,11.0,1.37,31.9,24.31,0.9,7.4,19.83,1.66,4.92,11.23,0.99,18.85,6.97,33.67
73,7.26,67.05,19.26,9.73,6.09,11.89,10.55,6.85,4.15,37.48,4.21,0.1,16.35,0.52,31.57,4.79,4.99,2.31,0.17,16.48,10.82,10.48,11.29,4.8,2.84,20.7,14.04,41.98,26.77,2.85,15.45,20.25,19.52,1.44,23.53,164.75,4.12,15.47,2.73,3.78,3.41,5.04,8.85,1.67,6.07,5.31,12.32,8.26,5.0,29.56,10.3,26.52,4.5,1.04,3.35,74.1,15.87
74,7.96,6.57,9.06,21.3,2.27,23.87,11.58,69.53,4.69,5.69,3.16,19.6,10.74,16.3,1.56,2.87,7.66,17.7,7.57,4.23,2.13,2.94,1.29,1.68,11.93,5.59,8.14,1.74,6.29,7.52,7.74,52.22,20.46,35.17,4.94,3.52,21.77,8.19,3.56,16.97,80.67,2.38,7.05,2.79,10.63,20.76,15.17,9.71,13.4,0.03,6.04,8.2,1.93,6.1,3.42,0.38,4.93,8.07,2.5,4.2,4.01,15.38,4.79,9.42,4.44,1.56,42.43,14.91,0.19,1.49,13.76,18.05,19.18,1.82,33.67,8.61,1.68,0.6,2.56,1.5,3.21,18.69
75,5.4,1.59,12.81,5.67,0.3,6.24,38.22,73.33,5.72,7.39,14.31,4.95,3.04,1.52,3.77,0.32,7.09,3.38,45.3,0.26,14.7,10.13,15.37,2.02,1.24,5.91,4.33,11.61,34.14,29.97,0.59,13.69,7.51,6.8,8.57,24.16,57.97,38.71,38.53,0.24,13.79,7.71,12.36,5.76,0.64,3.89,1.47,4.1,2.97,7.27,0.19,1.07,1.09,10.68,15.33,1.73,4.15,3.87,4.46,5.1,15.04,0.42,7.93,2.37,0.82,12.19,20.88,1.76,7.05,13.77,2.75,11.67,5.61,17.34,16.45,10.66,17.53,65.45
76,1.44,17.92,6.54,14.51,15.89,2.7,1.66,10.88,3.07,8.9,19.28,20.2,2.48,3.14,2.2,0.23,5.35,2.04,17.17,37.01,7.02,10.61,6.05,0.23,2.97,11.11,6.79,0.13,3.18,0.59,4.98,3.0,5.01,14.55,7.25,5.35,0.08,8.21,5.1,3.89,6.52,5.59,0.48,13.01,0.7,7.85,1.63,26.9,59.14,38.94,3.43,8.07,24.81,1.69,27.24,21.25,28.09,5.97,6.14,2.16,13.45,9.31,0.61,6.76,9.67,2.36,12.79,2.24,3.67,2.32,0.39,5.45,21.72,0.01,6.66,1.83,1.34,4.07,12.12,2.84,6.5,1.03,0.86,4.23,9.31,19.85,32.17,7.46,2.47,7.04,15.62,6.12,8.59,4.86,21.5,21.28,23.27
77,12.68,1.64,15.92,6.37,38.61,1.61,7.68,4.06,16.56,16.15,22.72,1.3,2.71,2.29,0.35,9.74,3.45,0.36,3.13,8.03,22.27,14.43,7.0,5.91,5.77,14.49,1.36,6.08,2.56,2.92,0.46,5.61,6.48,5.37,14.14,2.6,10.59,4.26,3.09,1.99,4.74,6.15,16.98,3.71,25.3,0.35,13.69,4.9,11.55,1.38,76.59,8.34,0.03,10.06,47.73,3.76,11.79,23.92,48.66,0.5,11.11,1.48,1.33,8.67,18.09,4.67,1.0,4.52,10.55,1.12,2.43,6.86,0.83,5.92,20.21,31.5,8.22,8.35,18.55,3.66,27.31,2.61,1.65,22.32,12.15,0.04,0.73,3.14,17.04,16.3
78,24.9,9.45,11.34,37.32,23.76,5.76,9.18,0.04,13.0,0.5,0.9,10.14,20.4,26.02,3.05,1.27,0.94,1.43,0.48,15.09,7.31,18.0,6.7,0.05,0.98,0.47,0.4,14.7,2.71,7.4,7.96,1.89,4.65,10.34,0.8,1.1,11.55,10.38,4.81,2.42,3.25,13.93,0.91,22.83,0.67,17.76,32.92,4.3,16.72,72.15,5.74,57.4,2.97,0.08,14.79,5.84,4.71,0.67,12.91,0.62,3.75,6.54,2.81,2.53,9.84,19.04,1.28,4.09,4.77,15.9,18.54,10.09,4.79,4.13,1.08,4.91,13.22,4.76,10.24,2.66,3.71,0.33,37.53,6.55,6.04,5.41,11.29,0.15,13.22,13.27,3.07,19.62,23.28
79,5.99,14.81,5.5,5.5,1.37,40.63,29.85,26.41,3.59,6.33,0.46,2.08,7.68,7.44,2.54,0.24,0.18,11.6,25.2,2.28,35.49,4.44,4.48,8.61,9.23,0.13,3.77,3.55,0.85,0.64,3.81,0.03,5.78,2.46,6.33,4.08,8.0,4.59,20.14,5.14,3.93,0.84,9.5,1.37,20.6,38.69,20.02,1.47,14.06,28.1,15.53,19.79,55.12,21.54,8.75,16.92,17.92,5.23,0.94,3.96,5.24,0.64,7.3,5.98,1.09,4.7,2.91,2.75,12.18,9.33,6.96,6.4,21.31,7.22,21.0,14.17,22.81,22.89,17.06,37.42,45.14
80,35.78,7.47,36.44,40.16,11.35,1.42,1.15,2.07,1.09,11.29,19.06,12.69,7.97,5.34,11.06,4.81,5.81,16.54,6.91,8.0,5.88,1.12,3.35,1.74,2.14,12.46,6.63,24.19,11.85,1.45,5.79,18.49,2.91,1.04,11.32,3.98,1.95,0.57,1.36,5.71,0.32,37.63,4.66,13.93,0.4,4.58,69.27,64.93,10.36,16.15,15.21,4.4,2.45,2.6,8.75,5.72,1.1,0.45,16.42,8.0,5.17,2.09,13.54,0.26,1.47,6.86,11.11,8.83,5.77,15.59,17.9,7.02,15.02,4.75,39.24,1.5,23.94,10.5,37.67,3.51,34.62
81,27.33,53.5,9.85,5.27,22.42,17.63,6.72,0.11,3.48,2.36,7.04,7.55,0.21,4.36,1.57,3.86,0.75,0.05,3.67,1.75,6.14,7.7,46.18,0.59,7.49,1.1,7.31,7.03,10.01,0.5,19.66,18.25,0.84,2.8,4.34,6.65,3.21,5.9,0.76,34.85,15.97,5.36,1.16,5.51,14.32,7.23,64.03,45.97,15.17,0.17,6.45,8.74,0.14,8.4,18.99,0.42,3.45,4.69,2.15,0.11,2.02,0.61,3.6,2.43,10.29,15.92,4.19,0.93,10.38,1.25,2.77,1.43,4.09,9.1,2.48,12.73,6.82,9.02,8.43,3.54,3.44,2.11,1.15,0.62,0.71,4.39,28.33,14.25,9.73,31.72,12.95,7.67,42.54,23.7,8.66
82,58.82,23.74,9.04,74.35,11.43,16.11,10.57,37.61,4.92,6.0,3.96,9.08,1.18,1.2,2.65,0.66,28.52,3.32,22.51,14.99,2.87,8.41,6.77,6.7,5.03,44.08,7.25,35.06,57.04,34.05,25.96,26.09,7.95,2.26,0.57,0.92,5.11,5.81,5.68,10.43,2.19,9.4,21.48,0.24,1.42,8.68,6.07,10.95,7.41,2.92,1.75,3.63,11.24,2.72,6.27,53.85,10.52,0.74,33.58,38.44,13.3,0.82,19.64
83,11.59,10.52,27.18,30.64,23.64,99.56,20.87,8.51,0.96,2.57,3.27,2.31,1.64,2.5,0.93,19.96,1.07,5.2,2.62,0.28,6.46,7.58,14.75,9.77,1.88,17.07,5.26,0.49,0.62,6.85,4.06,8.26,10.15,3.06,20.65,22.68,19.87,35.1,2.25,25.4,4.74,15.78,0.76,1.97,37.73,26.06,2.97,6.95,9.33,3.93,1.49,0.4,12.31,5.67,14.74,1.92,0.15,11.79,8.8,2.53,5.67,2.72,6.74,1.07,2.69,2.24,9.38,0.97,4.12,2.96,6.08,3.85,12.02,6.71,2.16,6.49,1.75,3.35,4.71,5.01,29.04,66.4,2.97,7.8,0.53,4.46,15.32,12.77,3.25
84,30.89,30.34,20.39,8.3,13.91,16.41,7.03,10.28,6.65,11.6,1.45,9.34,3.49,0.3,4.43,7.7,5.18,16.82,8.66,17.26,2.32,12.22,1.44,1.43,1.63,0.71,1.93,15.65,8.35,0.15,3.1,0.1,1.77,1.8,2.97,7.96,0.7,1.27,1.23,6.74,10.18,3.82,17.12,10.55,17.74,13.39,14.22,3.04,2.07,8.37,5.72,5.85,8.45,8.45,2.17,18.17,19.53,3.29,13.33,1.56,7.14,41.01,10.44,5.3,6.01,11.63,0.65,4.49,6.19,10.9,2.04,5.99,2.22,8.45,1.8,13.11,0.71,2.76,6.3,13.77,0.1,17.71,0.99,5.02,3.93,8.17,6.96,1.48,10.68,0.28,15.63,9.55,37.3,0.36,7.06,22.57,13.79,11.24,22.49,21.96,14.32,8.88,23.66
85,5.78,15.45,8.56,49.74,4.48,0.39,80.54,5.69,1.09,8.96,9.36,17.6,4.72,5.97,2.73,2.89,8.34,11.15,22.05,7.24,0.44,2.55,10.51,18.91,11.42,2.62,2.42,6.38,7.07,30.56,4.19,1.58,21.98,79.52,5.93,18.06,36.85,1.69,20.54,1.03,4.0,3.66,1.62,7.07,9.66,3.99,6.36,0.08,2.05,0.91,1.69,4.91,0.54,10.61,2.11,2.46,2.83,1.37,0.28,4.45,1.26,5.84,15.62,3.3,5.29,2.67,12.38,0.92,8.33,1.45,2.17,19.43,3.55,0.44,0.08,0.82,8.91,29.51,47.89,9.64,1.18,25.82,20.93,4.7,23.24,12.97,14.74
86,11.31,104.25,3.91,3.32,26.23,0.21,3.46,10.03,0.03,9.4,3.65,6.93,7.65,0.67,11.13,0.44,1.3,1.44,1.58,15.78,3.54,4.33,12.17,21.52,14.74,3.8,4.26,9.94,3.79,11.23,7.85,4.02,5.91,6.2,18.77,13.42,13.14,5.51,32.13,6.62,31.46,6.47,16.67,35.09,28.18,17.96,0.05,1.53,8.3,5.16,4.15,36.04,0.24,19.46,0.8,20.57,9.24,0.58,20.98,3.14,0.82,3.53,0.99,3.97,10.52,7.07,0.68,2.37,4.36,7.26,34.58,28.63,8.55,26.64,9.27,3.37,12.24,7.87,20.95,18.84
87,32.55,22.66,10.02,2.99,0.14,22.92,0.75,93.69,11.6,1.84,11.39,18.54,23.18,0.79,1.18,0.25,4.11,1.78,22.36,10.77,4.09,4.02,7.8,0.33,18.63,4.4,2.2,1.51,19.78,3.25,9.46,32.23,1.75,25.7,20.59,5.06,0.23,2.01,11.45,8.81,42.47,7.65,2.67,8.31,27.99,2.53,26.28,29.85,2.89,3.46,9.05,4.29,1.21,2.16,0.28,6.27,0.13,1.09,2.44,0.56,1.27,5.62,2.78,12.57,7.99,0.16,7.11,3.61,2.34,11.18,2.05,4.94,10.83,12.5,17.46,2.42,13.27,3.24,1.84,0.5,37.88,11.47,17.13,4.68,20.6,58.59
88,7.33,3.88,29.62,24.69,38.33,8.18,33.07,19.16,0.97,2.22,7.54,1.45,12.33,6.79,11.28,11.77,33.16,1.53,0.13,3.08,7.93,3.46,6.46,24.52,2.43,8.17,7.9,11.36,5.94,19.75,1.13,6.77,5.7,4.19,0.42,14.03,7.3,32.11,11.43,8.83,13.13,13.95,28.86,2.11,12.16,14.52,5.49,25.48,10.56,17.37,8.76,6.81,2.97,0.1,0.76,6.7,9.3,7.72,4.18,7.06,2.19,8.07,7.23,11.08,3.21,0.92,1.58,0.08,1.1,1.78,0.07,1.28,4.27,1.83,3.09,5.02,0.06,0.71,5.43,9.64,3.56,8.37,2.36,6.98,28.54,14.69,21.81,7.29,2.89,7.51,5.96,6.19,41.57,9.06,1.84,16.1,5.69
89,8.87,26.21,14.11,6.31,2.37,7.42,19.36,8.64,2.5,82.65,1.87,1.32,7.72,1.66,4.97,1.9,0.47,3.95,2.12,6.22,36.49,18.96,6.06,2.31,0.88,8.08,15.84,2.33,29.86,4.38,20.65,2.69,4.36,6.32,19.7,8.8,4.11,4.51,4.32,38.6,13.54,0.96,14.81,30.94,11.54,5.99,12.32,4.89,3.47,1.29,3.18,6.67,3.59,13.82,4.71,7.01,4.55,0.91,3.21,7.15,1.9,0.24,8.98,6.46,13.85,10.04,1.12,21.88,0.02,1.86,3.51,6.27,3.3,7.56,12.42,4.73,1.83,19.58,17.81,30.44,10.0,1.29,0.66,13.9,15.81,8.04,14.57,12.28,0.41,27.27,6.33,21.87
90,16.86,1.14,40.71,32.06,11.97,27.07,8.74,36.1,10.06,1.32,7.23,0.61,17.96,17.61,9.35,4.31,1.79,0.58,19.78,4.86,4.35,8.91,3.12,6.13,5.8,13.72,31.01,4.63,36.31,2.78,14.37,30.75,28.71,1.06,17.22,30.39,12.33,12.51,15.66,3.82,13.9,2.99,11.84,5.44,1.96,5.79,1.03,2.39,11.45,1.13,0.52,13.91,13.16,10.69,4.97,3.73,11.12,0.33,0.18,2.93,17.25,4.85,6.76,0.35,8.39,5.13,3.52,0.94,4.61,0.28,2.02,7.28,9.28,21.28,8.8,0.61,1.03,45.66,11.26,12.41,4.21,14.62,3.57,15.62,63.53
91,61.72,5.79,16.58,37.13,0.5,2.12,1.25,0.78,3.94,7.79,0.83,8.9,2.86,0.2,17.04,5.68,1.14,3.68,1.38,14.8,14.84,9.76,22.94,0.16,2.73,11.19,6.96,1.7,0.65,11.12,6.35,11.44,8.97,12.65,3.29,11.57,12.25,33.53,10.42,3.7,12.71,4.65,5.87,26.64,7.29,9.57,5.5,47.88,10.69,4.77,8.87,30.63,24.52,3.75,25.51,5.09,10.0,4.44,2.0,18.04,10.7,0.51,2.85,2.5,4.81,0.19,2.5,2.96,4.26,1.87,9.65,0.43,2.9,4.14,26.87,42.05,7.64,5.84,1.89,2.21,42.6,7.87,14.01,4.76,0.73,0.27,34.35
92,45.58,73.14,51.7,10.62,4.86,3.23,8.97,1.63,0.83,5.38,4.39,2.37,3.86,0.41,22.67,0.08,6.32,0.46,4.12,35.85,1.28,0.24,2.84,2.02,10.65,6.92,13.5,1.12,4.74,1.82,22.51,9.15,0.26,12.67,6.67,0.99,2.49,14.47,4.22,1.73,5.0,10.28,2.93,9.53,43.65,14.94,22.45,11.39,33.25,19.59,8.56,0.52,8.62,14.19,3.18,36.31,8.55,2.41,7.53,6.43,1.53,7.03,8.63,9.44,0.46,0.62,5.6,6.9,0.21,0.71,0.26,1.9,18.9,17.73,5.17,8.65,2.35,6.51,6.56,1.84,39.65,6.2,0.41,2.69,4.93,0.05,0.87,0.42,4.48,22.93,0.47,9.82,17.26,7.26
93,37.17,13.94,31.67,6.85,15.92,0.17,63.69,14.63,2.6,16.58,3.31,4.91,5.79,3.2,13.44,14.92,2.32,1.64,0.18,0.36,7.77,2.5,5.72,0.93,1.16,0.35,2.0,1.82,1.87,2.23,2.61,6.42,3.71,1.54,12.34,9.14,0.13,4.68,1.9,20.51,4.78,14.08,31.46,13.99,15.27,0.11,29.28,16.2,60.48,17.48,12.6,8.48,5.62,6.77,2.54,14.25,3.31,6.01,7.36,1.5,1.86,12.43,10.08,0.34,1.51,1.49,10.55,1.58,1.71,2.11,0.01,1.95,5.42,10.62,5.43,2.91,10.22,6.63,3.69,21.55,20.79,15.56,14.37,12.89,8.44,3.99,10.68,4.98,3.86,42.62,0.7,29.93,3.33,11.82
94,3.56,2.29,28.94,11.46,29.35,17.08,0.55,2.3,11.45,10.67,13.23,14.25,2.26,9.08,8.94,3.9,0.02,6.53,14.87,7.87,7.34,1.11,3.3,5.71,70.75,9.99,2.5,3.77,4.59,5.81,21.3,3.74,19.78,34.94,6.42,23.27,1.41,13.91,7.51,1.49,5.43,23.58,4.39,9.47,31.81,70.76,12.61,5.23,0.54,0.02,1.02,4.23,8.41,0.55,0.93,8.43,9.82,3.16,15.34,12.14,0.15,4.89,2.1,1.45,1.4,7.18,0.8,8.68,7.73,0.89,5.07,5.11,7.35,23.71,7.83,6.4,11.59,8.63,11.59,14.0,2.11,1.41,10.88,0.04,0.66,0.01,14.68,7.02,1.14,37.66,6.14,14.74
95,23.65,9.03,1.35,0.87,93.19,4.72,4.83,1.51,2.49,9.17,19.16,1.9,36.62,4.08,2.71,4.81,29.05,2.3,9.16,3.37,0.93,12.44,0.43,1.65,6.24,1.72,2.31,13.42,14.74,14.83,0.88,12.28,12.28,16.66,2.9,5.12,34.51,2.3,2.67,5.41,8.56,14.8,5.48,41.78,69.4,3.15,5.66,1.63,0.63,0.31,20.27,26.8,2.46,18.27,19.75,10.68,1.45,2.77,3.84,12.64,6.01,1.79,1.27,0.46,0.43,3.21,3.61,8.31,1.52,20.57,0.36,23.58,62.94,16.69,11.59,18.28,18.86,12.17
96,4.22,16.14,57.52,30.34,14.31,2.73,17.91,3.58,12.45,3.87,1.78,15.61,6.76,1.28,9.15,13.58,5.75,17.43,24.15,2.72,1.65,3.97,0.75,1.18,3.97,1.26,12.5,3.22,0.87,0.65,4.5,0.17,1.8,0.09,1.96,2.66,3.69,2.32,7.65,8.42,13.1,16.18,9.9,3.19,5.83,21.43,1.52,18.7,15.93,61.34,15.61,3.07,54.13,8.36,8.24,11.69,11.09,4.06,0.71,6.49,3.3,10.2,2.6,0.01,6.11,9.43,20.53,0.83,4.74,6.7,6.3,1.29,0.4,1.86,1.41,2.98,4.27,0.8,10.05,9.42,1.2,18.37,34.31,0.4,7.16,1.38,15.46,3.96,21.55,34.04,6.64,54.37
97,7.72,2.15,14.89,53.1,9.69,31.94,12.25,14.68,18.51,10.08,21.21,6.37,16.52,12.91,13.14,5.87,4.93,0.98,2.08,2.16,1.22,2.0,5.65,4.1,1.59,5.31,4.2,12.62,0.92,16.0,2.93,1.92,6.96,8.54,0.89,12.07,7.81,15.15,22.46,30.92,22.52,4.61,7.69,4.94,12.58,3.36,15.12,26.21,30.88,1.07,19.98,5.19,7.74,4.64,9.53,1.4,0.65,3.97,5.34,4.22,1.34,2.92,6.54,13.22,12.66,5.04,13.52,0.16,3.26,1.19,0.97,12.08,2.72,11.38,2.93,2.12,8.17,0.1,2.13,0.26,1.56,22.96,15.72,20.19,8.6,2.61,6.74,3.29,4.43,4.62,4.06,18.88,39.0,38.12
98,8.1,21.53,19.16,24.3,16.32,37.86,5.18,1.89,7.08,1.34,0.46,21.52,3.18,17.04,15.08,6.87,9.16,2.61,9.62,2.65,2.49,0.51,5.28,0.57,6.34,0.42,4.68,9.43,6.15,2.97,0.86,3.99,12.88,4.81,2.66,0.17,0.94,1.62,1.43,10.92,4.31,8.21,5.77,38.7,8.02,11.39,22.71,22.08,7.8,19.78,19.27,30.32,18.1,13.64,17.33,13.42,4.12,11.66,4.32,10.68,7.11,0.36,1.01,5.05,1.1,3.63,4.13,3.89,5.68,4.02,3.95,11.22,1.65,13.71,2.86,1.44,3.4,2.53,11.04,0.86,1.27,4.63,9.47,1.24,3.61,0.43,7.51,0.58,2.45,4.76,10.48,7.79,17.74,24.22,11.34,25.3,4.35,40.1,33.27
99,8.12,1.36,115.23,8.73,3.34,10.12,16.29,8.06,8.5,2.18,15.2,2.51,15.05,16.78,7.33,7.82,3.45,0.95,3.5,8.5,0.15,2.6,2.41,10.6,5.84,0.45,14.51,2.87,3.72,11.89,26.49,11.44,0.11,15.94,12.5,9.25,16.29,10.19,74.0,16.49,40.29,11.34,24.29,2.87,5.98,7.16,2.77,0.86,8.42,7.41,5.24,3.22,4.63,2.47,5.08,10.16,2.11,0.09,10.5,5.69,0.17,0.37,8.34,0.3,8.41,0.72,0.91,0.1,5.35,3.17,0.05,0.63,3.89,10.43,6.14,1.51,1.13,6.62,30.03,21.38,6.36,22.97,33.26,11.92,27.58,30.26
